Features,Importance
MolLogP,0.02925574707375473
EState_VSA1,0.02921056060493832
C;4;1;3;0;0-C;4;3;0;1;1,0.02162332782808322
MolMR,0.017622230815516702
Chi3v,0.01526817749897019
SMR_VSA7,0.013558723619199074
Chi1v,0.01345055884943682
TPSA,0.012581507302405365
RingCount,0.011979306770953296
Chi2v,0.01045480353073669
BertzCT,0.007485192617495326
C;4;3;1;0;0-C;4;3;0;1;1,0.007317893640050959
C;4;3;1;0;0-C;4;2;1;1;1,0.007168878408066676
MaxEStateIndex,0.007065234692664764
MolWt,0.007011895308185294
MaxAbsEStateIndex,0.007005440354924479
N;3;2;1;0;0-S;6;4;0;0;0,0.006265564065456299
qed,0.006255977448433683
C;4;2;1;1;1-C;4;2;1;1;1,0.006066429105171939
C;4;1;3;0;0-C;4;2;1;1;1,0.006017896246969358
MinEStateIndex,0.005790865641411995
C;4;2;1;1;1-C;4;3;0;1;1,0.005759357445726635
C;4;3;1;0;0-S;6;4;0;0;0,0.005749141006674948
ExactMolWt,0.005717943486606405
LabuteASA,0.005622368870163511
Chi2n,0.0052071032560802935
O;2;1;0;0;0-C;4;2;1;1;1,0.004907565587353446
SlogP_VSA5,0.004825559183241399
SlogP_VSA2,0.004821588428747955
O;2;1;0;0;0-C;4;3;0;1;1,0.004821009376096892
C;4;2;1;1;1-C;4;2;2;0;0,0.004588210820794676
C;5;3;0;0;0-C;4;3;1;0;0,0.004549868957874647
C;4;3;0;1;1-C;4;3;0;1;1,0.0044878205053487255
PEOE_VSA14,0.004475588174901369
NOCount,0.004363455711155538
NumHAcceptors,0.004247811068939667
Kappa1,0.004214149696110685
NHOHCount,0.00419814792323902
C;5;3;0;0;0-C;4;3;0;1;1,0.004161797639946274
Chi4v,0.004133674381234136
VSA_EState3,0.004093535248800122
VSA_EState7,0.004054047233796239
VSA_EState6,0.003954144158291755
MinAbsEStateIndex,0.0037751184144547015
C;4;3;1;0;0-O;2;1;0;0;0,0.003764314062930879
VSA_EState5,0.0037252521513858354
FpDensityMorgan3,0.0036922265683644205
HeavyAtomMolWt,0.0036835355294947626
C;4;1;3;0;0-S;6;4;0;0;0,0.0036796312418149253
BalabanJ,0.003676177921999538
SlogP_VSA4,0.0035935536176737843
O;2;1;0;0;0-O;2;1;1;0;0,0.0035672017691870663
FpDensityMorgan2,0.00350944109605953
EState_VSA8,0.0034322035271232886
C;4;2;2;0;0-S;6;4;0;0;0,0.0034281350049763714
O;2;1;0;0;0-O;2;1;0;0;0,0.0034243366761940635
C;4;3;0;1;1-C;4;2;1;1;1,0.0034037501886441364
Chi3n,0.003351469212773518
O;2;1;1;0;0-O;2;1;0;0;0,0.00334553223512703
C;4;2;2;0;0-C;4;2;1;1;1,0.003320274239167523
VSA_EState4,0.003278816251021571
C;4;2;1;1;1-O;2;1;0;0;0,0.0032786000606221527
C;4;2;2;0;0-C;4;3;0;1;1,0.003267259189561141
VSA_EState1,0.003260570072417717
N;3;2;1;0;0-C;4;2;1;1;1,0.0032436632816524274
SlogP_VSA3,0.0032030389051422798
NumHeteroatoms,0.0031933684549316256
Chi1n,0.003190156825799939
C;4;2;2;0;0-O;2;1;0;0;0,0.003129392926548916
Chi0v,0.0031083323203689056
C;4;2;1;1;1-C;4;2;2;0;1,0.003091939107765654
SMR_VSA4,0.0030210843819710523
O;2;1;0;0;0-C;4;2;2;0;0,0.002982964822601669
VSA_EState2,0.0029646708254041855
N;3;2;1;1;1-S;6;4;0;0;0,0.002960501500830681
C;5;3;0;0;0-C;4;2;2;0;0,0.0029515518353184734
O;2;1;0;0;0-C;4;3;1;0;0,0.0029206555142926595
FpDensityMorgan1,0.002856175845670806
SMR_VSA6,0.0028269595717716534
C;4;2;2;0;0-C;4;2;2;0;0,0.002820118226557959
Chi4n,0.0027990997730353434
C;4;2;1;1;1-C;4;3;1;0;0,0.0027875787035088187
FractionCSP3,0.00275640079104604
Kappa3,0.0027354325885445676
C;5;3;0;0;0-C;4;3;1;0;1,0.00269978047518718
N;4;1;3;0;0-O;2;1;1;0;0,0.002689002154149324
O;2;1;0;0;0-C;4;2;2;0;1,0.0026854969685403103
C;4;2;1;1;1-C;4;3;1;0;1,0.0026809792145152268
C;4;2;2;0;0-O;2;1;1;0;0,0.0026803504028408056
C;5;3;0;0;0-O;2;1;1;0;0,0.0026664245088548967
C;4;3;0;1;1-C;4;2;2;0;0,0.0026596171007994573
C;4;1;3;0;0-C;4;3;1;0;1,0.0026482351144220618
Chi0,0.0026420276816160396
N;3;2;1;0;0-C;4;3;0;1;1,0.0025864376006286332
EState_VSA9,0.0025672371641124324
SlogP_VSA6,0.002566275590761134
C;4;2;1;1;1-O;2;1;1;0;0,0.0025603866404913965
C;4;2;1;1;1-C;4;3;0;0;1,0.002539743483157046
SMR_VSA5,0.0025340481871600337
VSA_EState8,0.00251435128188981
SMR_VSA10,0.00243729886679319
C;4;3;0;1;1-S;6;4;0;0;0,0.002394433059705112
C;4;1;3;0;0-C;4;2;2;0;0,0.002391605357075035
C;4;3;0;0;0-S;6;4;0;0;0,0.0023530689116144114
SlogP_VSA1,0.002352695500525068
O;2;1;1;0;0-C;4;2;2;0;0,0.0023391681023926273
C;4;3;0;0;0-O;2;1;0;0;0,0.0023356751685175087
SMR_VSA3,0.0023152696897097477
C;4;2;2;0;0-C;4;3;1;0;1,0.002296254857701796
Chi1,0.002292247180340694
Chi0n,0.0022725579668693013
C;4;1;3;0;0-O;2;1;0;0;0,0.0022562426799395377
NumHDonors,0.002250928058574944
O;2;1;0;0;0-S;6;4;0;0;0,0.002228241318079001
SMR_VSA1,0.002224345492616213
C;4;2;1;1;1-C;4;1;3;0;0,0.0021947202138850996
fr_N_O,0.0021902702684250624
C;4;1;3;0;0-O;2;1;1;0;0,0.0021774236672711202
C;4;3;1;0;0-C;4;2;2;0;0,0.002174167106699336
C;4;2;2;0;0-P;7;4;0;0;0,0.00214622525624155
C;4;1;3;0;0-C;4;1;3;0;0,0.002117426674271122
S;2;2;0;0;0-C;4;3;0;1;1,0.002104999868108711
N;3;2;1;0;0-O;2;1;0;0;0,0.002089861621457457
C;4;2;1;1;1-N;4;1;3;0;0,0.002086637783385938
NumValenceElectrons,0.002070999247222479
SlogP_VSA7,0.0020621823615987944
O;2;1;1;0;0-N;4;1;3;0;0,0.0020573033296000277
C;4;1;3;0;0-N;3;2;0;1;1,0.0020545342350681635
VSA_EState10,0.002044205987202635
O;2;1;0;0;0-C;4;3;1;0;1,0.0020437814443448905
S;2;2;0;0;0-C;4;3;1;0;1,0.002036795758891325
C;5;3;0;0;0-N;3;2;1;0;0,0.002031145596793797
EState_VSA10,0.0020059869062597603
S;2;2;0;0;0-C;4;2;2;0;1,0.0020002523320309367
N;3;2;1;0;0-C;4;3;1;0;0,0.0019897521728644233
C;4;3;0;0;0-N;3;2;1;1;1,0.001981090853924294
C;4;2;2;0;0-O;2;2;0;0;1,0.001980905756114143
N;3;2;1;1;1-O;2;1;0;0;0,0.0019553456244052127
N;3;2;1;1;1-N;3;2;1;0;0,0.001953212930310815
C;4;2;1;1;1-N;4;2;2;0;1,0.0019463250087454398
HallKierAlpha,0.0019257296405841766
N;3;2;1;0;0-C;4;3;1;0;1,0.0019157912188470954
N;3;2;1;0;0-O;2;1;1;0;0,0.001898804052978888
N;3;2;1;0;0-C;4;2;2;0;1,0.0018864488190656246
C;4;3;0;1;1-C;4;1;3;0;0,0.0018706516966983193
O;2;1;0;0;0-O;2;2;0;0;1,0.001864542134948937
C;4;3;0;1;1-C;4;3;1;0;0,0.001851247972813443
C;4;3;0;0;0-C;4;3;0;1;1,0.0018353391466735325
N;3;2;1;1;1-N;3;1;2;0;0,0.0018294210659601895
C;4;3;0;1;1-O;2;1;0;0;0,0.0017985372442062997
C;4;2;2;0;0-C;4;3;0;0;1,0.001798069033998378
O;2;1;1;0;0-C;4;3;0;1;1,0.0017887061920706265
C;4;2;2;0;0-C;4;2;2;0;1,0.0017854409299765189
C;4;3;1;0;0-O;2;1;1;0;0,0.0017473303703377902
N;3;2;1;0;0-C;4;2;0;0;0,0.0017362506463603933
SlogP_VSA10,0.001732210613507155
O;2;1;0;0;0-C;4;3;0;0;1,0.0017046204749088575
N;3;1;2;0;0-O;2;1;1;0;0,0.0016890937476230557
C;4;2;2;0;0-N;3;2;1;0;0,0.0016890675150041709
O;2;1;1;0;0-C;4;2;1;1;1,0.001688207760638363
Kappa2,0.0016421449669942062
C;5;3;0;0;0-N;3;3;0;0;0,0.0016397704706096563
C;4;1;3;0;0-C;4;3;1;0;0,0.001628794022687163
C;5;3;0;0;0-C;4;2;1;1;1,0.0016019660074484317
C;5;3;0;0;0-C;4;2;2;0;1,0.0015932480782851434
C;4;3;0;0;0-C;4;2;2;0;0,0.0015885686302787023
N;3;2;0;1;1-C;4;2;1;1;1,0.00157356730567728
C;4;3;0;0;0-C;4;2;1;1;1,0.001560260265109655
O;2;1;1;0;0-C;5;3;0;0;0,0.0015454665835786358
N;3;2;1;0;0-C;4;2;2;0;0,0.0015403776343334405
C;4;2;2;0;0-N;3;2;0;1;1,0.0015389712698433992
O;2;1;0;0;0-C;4;1;3;0;0,0.0015286397542837343
N;3;2;0;1;1-N;3;1;2;0;0,0.0015095878373430466
C;4;3;1;0;0-C;4;2;2;0;1,0.0014986226261306168
C;4;3;1;0;0-C;4;3;1;0;1,0.0014959613885870326
N;3;2;1;0;0-N;3;2;1;0;0,0.0014926838537745728
O;2;1;1;0;0-C;4;1;3;0;0,0.0014847287735166882
C;4;3;0;0;0-O;2;1;1;0;0,0.0014737702463656905
C;4;2;1;1;1-C;5;3;0;0;0,0.0014539227649276196
C;4;1;3;0;0-C;4;2;2;0;1,0.0014486960228357552
N;3;2;0;1;1-S;6;4;0;0;0,0.001441884615919134
C;5;3;0;0;0-O;2;2;0;0;1,0.0014402337430300836
VSA_EState9,0.0014318856703801998
C;5;3;0;0;0-C;4;1;3;0;0,0.0014149175256644038
O;2;1;0;0;0-N;3;2;0;1;1,0.0014131760056826132
O;2;1;0;0;0-C;5;3;0;0;0,0.0014083390619282295
S;2;2;0;0;0-N;3;2;0;1;1,0.0013923329249461544
C;4;2;1;1;1-N;3;2;1;0;0,0.0013825423443072674
N;3;1;2;0;0-C;4;2;1;1;1,0.001371108894732186
O;2;1;0;0;0-N;3;3;0;0;0,0.0013599659991456975
C;4;2;1;1;1-N;3;2;0;1;1,0.0013572742743203504
C;4;3;0;0;0-C;4;1;3;0;0,0.0013570907443853034
C;4;3;0;1;1-C;4;2;2;0;1,0.0013500453296472845
C;4;3;0;1;1-O;2;1;1;0;0,0.001344837626521109
fr_Al_OH,0.0013357308558023348
C;4;2;1;1;1-O;2;2;0;0;1,0.0013291832162832461
C;5;3;0;0;0-O;2;1;0;0;0,0.0013267777581665236
S;2;2;0;0;0-O;2;1;1;0;0,0.0013237901728708576
fr_Ar_N,0.001319782057628681
O;2;1;1;0;0-C;4;3;1;0;0,0.0013063610677876082
O;2;1;0;0;0-P;7;4;0;0;0,0.0013015027019678835
C;4;2;2;0;1-C;4;2;1;1;1,0.0012755161279799782
N;3;2;1;1;1-O;2;1;1;0;0,0.0012740752184072406
N;3;1;2;0;0-C;4;2;2;0;1,0.0012659716090227418
O;2;1;1;0;0-O;2;1;1;0;0,0.0012654791826033998
O;2;1;0;0;0-S;2;1;1;0;0,0.0012619116073958048
C;4;3;1;0;0-C;4;1;3;0;0,0.0012618692235466457
N;3;2;1;1;1-C;4;2;1;1;1,0.0012556285924887733
O;2;1;1;0;0-C;4;3;1;0;1,0.0012483872684204643
C;4;2;1;1;1-N;3;1;2;0;0,0.0012450717487724507
N;3;2;1;1;1-C;4;3;1;0;1,0.001244641225413102
C;4;3;0;1;1-C;4;3;1;0;1,0.0012249983822484425
C;4;2;2;0;0-C;4;3;0;0;0,0.0012053317322915996
N;3;1;2;0;0-C;4;3;1;0;1,0.0012016153747181452
C;4;1;3;0;0-N;3;2;1;1;1,0.0011986246041709484
C;4;3;0;1;1-N;3;1;2;0;0,0.001194011608084921
O;2;1;1;0;0-C;4;2;2;0;1,0.0011889196914766924
N;4;1;3;0;0-O;2;1;0;0;0,0.0011869154483940278
C;4;2;2;0;0-C;4;1;3;0;0,0.0011789379826252216
N;4;1;3;0;0-C;4;2;1;1;1,0.0011728083854735938
C;4;3;0;1;1-O;2;2;0;0;1,0.0011634253806714597
C;4;3;0;0;0-C;5;3;0;0;0,0.001151333417445295
N;4;1;2;0;0-O;2;1;0;0;0,0.001143825905969316
C;4;2;1;1;1-C;4;3;0;0;0,0.0011431403881864476
SlogP_VSA8,0.0011356613152546638
C;4;2;1;1;1-C;4;2;1;0;0,0.0011335043510611207
O;2;1;0;0;0-N;3;2;1;0;0,0.0011291315337256338
C;4;1;3;0;0-C;4;3;0;0;0,0.0011120647159197448
N;3;2;1;0;0-N;3;2;0;1;1,0.0011034314329893785
C;4;1;3;0;0-N;3;2;1;0;0,0.0010909455215935605
N;3;2;1;1;1-C;4;3;0;1;1,0.0010874107562307749
N;3;3;0;0;1-C;4;2;1;1;1,0.0010833152635531045
N;4;1;2;0;0-C;4;2;1;1;1,0.0010757411896189354
C;4;3;1;0;0-O;2;2;0;0;1,0.0010732658929485867
O;2;1;0;0;0-N;3;2;1;1;1,0.001072511132855602
N;4;2;1;0;0-O;2;1;0;0;0,0.0010701039823459739
C;4;1;3;0;0-O;2;2;0;0;1,0.00106769511361161
N;3;2;0;1;1-O;2;1;0;0;0,0.0010622873026114644
N;4;1;2;0;0-C;4;3;1;0;1,0.0010557424664484004
SlogP_VSA12,0.001055731441578831
C;4;3;0;0;0-C;4;3;1;0;1,0.0010469462486932192
C;4;3;1;0;0-O;2;2;0;0;0,0.0010453172261826722
NumRotatableBonds,0.0010408582442605811
O;2;1;1;0;0-C;4;3;0;0;0,0.0010377277615090802
C;4;3;1;0;0-C;5;3;0;0;0,0.0010363139415338145
S;2;2;0;0;0-C;4;2;1;1;1,0.0010326471895512456
C;4;1;3;0;0-C;4;3;0;0;1,0.0010210395521017526
N;4;1;2;0;0-C;4;3;0;1;1,0.0010207759068899646
C;4;3;1;0;1-C;4;2;1;1;1,0.0010145147962218513
C;4;3;0;0;0-C;4;3;0;0;0,0.0010139100029707712
N;3;1;2;0;0-C;4;2;2;0;0,0.0010098320561375512
C;4;3;0;0;0-C;4;2;2;0;1,0.0010090265916893513
fr_C_O,0.00100637168746844
C;4;3;0;0;0-O;2;2;0;0;0,0.0010008033809834058
C;4;2;1;1;1-N;3;2;1;1;1,0.0010006602895146531
N;4;1;2;0;0-C;4;3;1;0;0,0.000992301424254802
N;3;2;1;0;0-C;4;1;3;0;0,0.0009921284971298324
N;3;1;2;0;0-O;2;1;0;0;0,0.0009914039075379886
C;4;3;1;0;0-N;3;2;0;1;1,0.0009892247593681696
SMR_VSA9,0.00098731114796253
C;4;3;1;0;0-C;4;3;1;0;0,0.0009864053996027856
C;4;2;1;1;1-S;6;4;0;0;0,0.0009849169824381772
N;3;2;0;1;1-O;2;1;1;0;0,0.000980642122308527
C;4;3;0;0;0-N;3;1;2;0;0,0.0009662578104544224
N;3;1;2;0;0-C;4;3;0;1;1,0.0009625650368983999
C;4;3;0;1;1-N;3;2;1;0;0,0.0009597205567981535
C;4;2;2;0;0-N;3;2;1;1;1,0.0009467723375775684
NumAliphaticCarbocycles,0.0009397983743517447
N;4;1;3;0;0-C;4;2;2;0;0,0.0009301188977221804
C;4;3;0;0;0-O;2;2;0;0;1,0.0009273448542575674
C;4;2;2;0;0-C;4;3;1;0;0,0.0009223719507002798
C;4;1;3;0;0-C;5;3;0;0;0,0.0009219659267881553
fr_bicyclic,0.0009218248949958423
C;4;1;3;0;0-N;3;2;1;0;1,0.0009182920178010117
C;4;2;2;0;0-O;2;2;0;0;0,0.0009095457274128445
C;4;2;2;0;0-C;5;3;0;0;0,0.0009028756783248043
O;2;1;0;0;0-C;4;3;0;0;0,0.0009024259302795686
N;3;2;1;1;1-C;4;3;0;0;0,0.0009024188894003488
N;4;2;1;0;0-C;4;2;1;1;1,0.000898293552323135
O;2;1;1;0;0-N;3;2;0;1;1,0.0008973344589602682
O;2;1;1;0;0-N;4;1;2;0;0,0.0008878435334498958
N;4;2;1;0;0-O;2;1;1;0;0,0.0008832843981558561
N;3;2;1;0;0-N;3;2;1;1;1,0.0008804125942731681
C;4;3;1;0;0-N;4;1;3;0;0,0.0008720538388375125
N;3;2;1;0;0-C;4;3;0;0;0,0.0008706935518951587
N;3;2;1;0;0-O;2;2;0;0;0,0.0008567977132902586
O;2;1;0;0;0-O;2;2;0;0;0,0.0008485376972360754
C;4;1;3;0;0-O;2;2;0;0;0,0.0008468705173096447
N;3;2;0;1;1-C;4;3;0;1;1,0.0008437195498162779
N;4;1;3;0;0-C;4;3;0;1;1,0.0008406096913889251
N;4;1;2;0;0-O;2;1;1;0;0,0.0008399347567443639
C;4;3;0;0;0-C;4;3;1;0;0,0.0008390003263265771
O;2;1;0;0;0-N;3;1;2;0;0,0.0008342968178511295
C;4;2;1;1;1-O;2;2;0;0;0,0.0008335348918443822
C;5;3;0;0;0-N;3;2;0;1;1,0.0008328077924825551
C;4;2;1;1;1-N;3;3;0;0;1,0.0008321671090693689
C;4;2;1;1;1-C;4;2;1;0;1,0.0008299661674317069
O;2;1;1;0;0-Cl;1;1;0;0;0,0.0008250284907861741
EState_VSA11,0.0008241107426433522
N;3;2;1;0;0-C;5;3;0;0;0,0.0008108417264692992
C;4;3;0;0;0-N;3;2;0;1;1,0.000808408687828895
NumAromaticRings,0.0008035764277603698
C;4;2;1;1;1-N;4;2;2;0;0,0.000792563736524104
C;4;2;2;0;0-N;4;2;2;0;0,0.0007811938431633867
C;5;3;0;0;0-C;4;3;0;0;0,0.0007799046374767634
N;3;1;2;0;0-C;4;3;1;0;0,0.0007762118776895738
fr_C_O_noCOO,0.0007738426250355392
C;4;3;1;0;0-N;3;2;1;0;0,0.000773023113828107
N;3;2;1;1;1-C;4;2;2;0;0,0.0007697342085158177
C;4;3;1;0;0-N;3;2;1;1;1,0.0007691547461574711
N;3;2;1;0;0-N;4;1;3;0;0,0.0007670940575989962
EState_VSA2,0.0007645477093820218
O;2;1;1;0;0-P;7;4;0;0;0,0.0007609307228017939
SMR_VSA2,0.0007606741488701152
C;4;3;0;0;0-N;3;2;1;0;0,0.0007498776487669134
C;4;2;2;0;1-C;4;3;0;1;1,0.0007431862802456805
C;5;3;0;0;0-N;3;3;0;1;1,0.0007418712323126268
C;4;2;2;0;1-C;4;2;2;0;0,0.0007415425860756436
C;6;3;0;0;0-O;2;1;0;0;0,0.0007404580636547732
N;3;2;0;1;1-C;4;3;1;0;1,0.0007366242003771248
C;4;3;1;0;0-N;3;1;2;0;0,0.0007337770547162454
fr_NH1,0.0007329607942321485
N;4;1;2;0;0-C;4;2;2;0;0,0.0007317008406592575
fr_allylic_oxid,0.0007285897471710904
S;2;2;0;0;0-C;4;2;2;0;0,0.000723936229761543
S;2;1;1;0;0-C;4;2;1;1;1,0.000719323311729366
C;4;3;0;1;1-S;2;2;0;0;1,0.0007190500132843829
C;4;2;2;0;0-N;4;1;2;0;0,0.0007175734196641183
C;4;3;0;1;1-N;3;3;0;1;1,0.0007102047865035248
NumAromaticCarbocycles,0.000707684587332418
N;3;2;1;0;0-O;2;2;0;0;1,0.0007030677725684791
C;4;2;1;1;1-N;3;3;0;1;1,0.0006991835836030147
C;4;2;1;1;1-N;4;1;2;0;0,0.0006980260582375848
O;2;1;0;0;0-N;4;1;3;0;0,0.0006855127967015804
N;3;1;2;0;0-O;2;2;0;0;0,0.0006829438388671329
C;4;3;1;0;0-C;4;3;0;0;1,0.0006817775700268712
NumAromaticHeterocycles,0.0006802936748916166
N;3;2;0;1;1-O;2;2;0;0;1,0.0006796713155532145
N;3;1;2;0;0-C;4;1;3;0;0,0.0006784085574710318
C;4;3;0;1;1-N;3;2;0;1;1,0.0006735384334435254
C;4;1;3;0;0-N;3;1;2;0;0,0.0006709533988364407
C;4;2;2;0;0-N;3;1;2;0;0,0.0006708057486398711
C;4;1;3;0;0-C;4;4;0;0;1,0.0006705965288750625
O;2;1;1;0;0-N;4;2;2;0;0,0.0006648207269843124
fr_benzene,0.0006570478955185858
fr_pyridine,0.0006485556083798202
C;4;3;1;0;0-C;4;3;0;0;0,0.000647874158446188
C;6;3;0;0;0-C;4;3;1;0;0,0.0006448687018328178
N;4;1;2;0;0-C;4;1;3;0;0,0.0006413992530657722
fr_NH0,0.0006381866441330263
C;4;2;2;0;1-C;4;3;1;0;1,0.0006321547459259978
N;4;1;3;0;0-N;3;2;1;0;0,0.000622445842225068
N;4;1;3;0;0-C;4;3;1;0;1,0.0006207957342424021
N;3;1;2;0;0-O;2;2;0;0;1,0.0006203233516215355
S;2;1;1;0;0-C;4;3;0;1;1,0.0006186325151134378
C;4;2;2;0;1-O;2;1;0;0;0,0.0006160186349643303
C;4;3;1;0;1-C;4;3;0;1;1,0.0006157666853715682
C;4;2;2;0;0-N;4;2;2;0;1,0.0006138466297918882
C;4;3;1;0;0-N;3;3;0;1;1,0.0006134227197840053
O;2;1;1;0;0-N;4;2;2;0;1,0.0006129464343992354
C;4;3;0;1;1-C;4;2;1;0;1,0.0006079063471801168
C;4;2;2;0;0-C;4;2;1;0;0,0.0006075826081714257
C;4;2;2;0;0-C;4;2;0;0;0,0.0006067910877386282
C;4;3;0;0;0-P;7;4;0;0;0,0.0006054393566732729
fr_priamide,0.0006027603478958226
HeavyAtomCount,0.0006007868962310454
C;4;3;0;1;1-C;4;3;0;0;1,0.0005951666011319195
C;4;3;1;0;0-N;4;2;2;0;0,0.0005933142004957723
fr_imidazole,0.0005919667046441902
C;4;3;0;1;1-C;4;3;0;0;0,0.0005918999092528411
O;2;1;1;0;0-S;6;4;0;0;0,0.00058937596748238
fr_quatN,0.0005886528223056863
N;4;1;2;0;0-N;4;1;3;0;0,0.0005853289966681706
C;5;3;0;0;0-P;6;4;0;0;0,0.0005831104586648656
N;3;1;2;0;0-C;4;3;0;0;0,0.0005723423763922348
N;4;2;1;0;0-C;4;1;3;0;0,0.0005685311169246826
N;4;1;3;0;0-O;2;2;0;0;1,0.0005626095281966079
C;4;1;3;0;0-N;3;3;0;1;1,0.000560680822338742
O;2;1;1;0;0-N;3;2;1;0;0,0.0005602054046074639
S;2;1;1;0;0-C;4;2;2;0;0,0.0005596889585148992
SlogP_VSA11,0.0005573691868259401
C;4;2;1;1;1-N;4;3;1;0;1,0.0005539394719203021
C;4;3;0;1;1-N;4;2;2;0;0,0.0005526061051555775
S;2;2;0;0;0-C;4;1;3;0;0,0.0005505553886259311
C;4;2;1;1;1-N;4;2;1;0;0,0.0005497374197079524
C;6;3;0;0;0-C;4;2;1;1;1,0.0005461964440413626
NumSaturatedCarbocycles,0.000544705033040747
C;4;1;3;0;0-N;3;3;0;0;1,0.0005413437636887025
C;4;3;0;0;0-C;4;3;0;0;1,0.0005396982958631952
N;3;2;0;1;1-C;4;3;0;0;0,0.0005309705056818026
N;4;1;3;0;0-P;7;4;0;0;0,0.0005242283136126682
C;4;3;1;0;0-P;7;4;0;0;0,0.0005233092463542074
C;4;3;0;1;1-N;4;2;2;0;1,0.000522966096172741
O;2;1;1;0;0-O;2;2;0;0;0,0.0005220507300911258
S;2;1;1;0;0-O;2;1;1;0;0,0.0005201741840857672
O;2;1;1;0;0-O;2;2;0;0;1,0.0005167943382336814
N;4;2;1;0;0-C;4;3;0;1;1,0.0005159444224516992
N;3;2;1;0;0-N;3;1;2;0;0,0.000513024640618853
fr_Ndealkylation2,0.0005101086248689909
C;4;3;0;1;1-N;3;2;1;1;1,0.0005094489739796809
C;4;1;3;0;0-Cl;1;1;0;0;0,0.0005071590800948427
C;6;3;0;0;0-C;4;3;1;0;1,0.0005001345167962945
C;4;2;2;0;0-N;4;1;3;0;0,0.0004989615018008064
C;4;2;2;0;0-N;3;2;1;0;1,0.0004970216958595392
O;2;1;0;0;0-C;4;2;0;0;0,0.000495933308257942
C;4;2;2;0;1-C;4;1;3;0;0,0.0004957643410118642
C;4;2;2;0;1-C;4;3;0;0;0,0.0004944647423900344
C;4;3;0;0;0-N;4;1;3;0;0,0.0004915157544613312
N;3;2;1;1;1-C;4;1;3;0;0,0.0004892749319886729
fr_ether,0.000488923158196886
N;3;2;1;0;0-P;7;4;0;0;0,0.0004775454747888261
N;3;2;1;1;1-N;3;2;0;1;1,0.00047555713337537405
fr_halogen,0.00046835822863830083
C;4;3;1;0;0-N;4;3;1;0;1,0.0004678035260742184
N;4;1;2;0;0-N;5;3;0;0;0,0.00046735872840268774
fr_aniline,0.0004667163308630134
C;4;3;0;1;1-C;5;3;0;0;0,0.00046658599924855564
fr_ester,0.00046336986286096924
C;4;3;0;1;1-N;4;1;3;0;0,0.0004582823459647248
C;4;2;2;0;1-O;2;1;1;0;0,0.00045641592726299317
N;4;1;2;0;0-C;4;2;2;0;1,0.0004563289923570289
fr_ketone_Topliss,0.0004562240960016941
C;4;3;1;0;0-N;3;2;1;0;1,0.00045500855420875063
O;2;1;0;0;0-N;3;3;0;1;1,0.0004544043778620263
N;3;2;1;0;0-S;2;2;0;0;0,0.0004502565086526668
C;6;3;0;0;0-C;4;3;0;1;1,0.0004492127625934927
C;5;3;0;0;0-C;5;3;0;0;0,0.00044617699666638875
N;3;3;0;0;1-C;4;3;0;1;1,0.0004444087081844556
C;4;1;3;0;0-P;7;4;0;0;0,0.00044076679866030796
S;2;2;0;0;0-N;4;3;1;0;0,0.0004397089660640475
C;4;3;0;0;0-N;4;2;2;0;1,0.0004354939545696632
N;4;1;2;0;0-C;5;3;0;0;0,0.0004336743005014539
N;4;2;1;0;0-C;4;3;1;0;1,0.0004298378879167767
C;4;3;0;0;0-N;4;2;2;0;0,0.0004260473819940389
C;4;1;3;0;0-C;4;2;1;0;0,0.00042601938350059
N;3;2;0;1;1-S;2;2;0;1;1,0.0004227641632691074
fr_Ar_OH,0.00042252496792828464
N;3;2;0;1;1-N;3;2;1;1;1,0.00042251083504578823
N;3;1;2;0;0-S;2;2;0;0;1,0.00042236027179342174
C;6;3;0;0;0-C;5;3;0;0;0,0.0004216561856323664
C;4;2;2;0;1-N;3;2;0;1;1,0.0004182885410908273
N;3;2;0;1;1-C;4;2;2;0;0,0.00041781250993835385
C;4;1;3;0;0-N;4;1;3;0;0,0.0004132291955996756
C;5;3;0;0;0-N;4;1;2;0;0,0.0004101945712148948
S;2;1;1;0;0-C;4;2;1;0;1,0.00040666895142165316
C;4;3;0;1;1-C;4;2;1;0;0,0.0004065319236701362
C;4;2;2;0;1-C;4;3;1;0;0,0.0004056947950127115
C;5;3;0;0;0-N;4;1;3;0;0,0.00040237841026788347
C;4;2;2;0;1-N;4;1;2;0;0,0.0004016826796223272
C;4;2;2;0;0-N;3;3;0;1;1,0.00040164697224801536
C;4;2;1;1;1-S;2;2;0;0;0,0.0004005040367331332
C;4;2;1;1;1-N;3;2;1;0;1,0.00039868888931307063
C;4;3;0;0;0-C;4;2;0;0;0,0.00039817062981116214
N;4;1;2;0;0-C;4;3;0;0;0,0.0003954363631282598
N;3;2;0;1;1-C;4;2;2;0;1,0.0003928962418504284
C;6;3;0;0;0-O;2;1;1;0;0,0.00038167323749573745
N;3;1;2;0;0-P;6;4;0;0;0,0.00038128728775716793
N;3;2;1;1;1-C;4;2;2;0;1,0.00038104597192019314
N;3;2;1;0;0-N;4;1;2;0;0,0.0003782903775356098
N;4;1;3;0;0-C;5;3;0;0;0,0.0003769950044780778
C;4;3;1;0;0-N;4;1;2;0;0,0.0003763319982958507
C;4;3;0;0;0-S;2;2;0;0;0,0.00037622844211475793
C;4;3;0;1;1-O;2;2;0;0;0,0.0003749122942838349
O;2;1;0;0;0-N;4;1;2;0;0,0.0003745096574932507
N;3;2;0;1;1-C;4;3;1;0;0,0.0003739028345486494
S;2;1;1;0;0-C;4;1;3;0;0,0.00037361583594474533
N;3;1;2;0;0-C;5;3;0;0;0,0.0003732480696525738
N;3;2;1;0;0-Cl;1;1;0;0;0,0.0003707448031451155
C;6;3;0;0;0-C;4;2;2;0;0,0.00036966669201345516
C;5;3;0;0;0-C;4;3;0;0;1,0.0003695910444680464
N;3;1;2;0;0-N;3;2;1;0;0,0.0003693742261104312
fr_amide,0.00036930081712758297
N;3;2;1;0;0-C;4;3;0;0;1,0.0003669698714392188
N;3;2;1;0;0-N;3;3;0;1;1,0.0003660860481624676
N;3;2;1;1;1-C;4;3;1;0;0,0.0003652651633951155
C;4;1;3;0;0-N;3;3;0;0;0,0.0003632074760572915
C;4;2;1;1;1-C;4;4;0;0;1,0.00036266918436027843
N;3;2;1;0;0-N;3;3;0;0;0,0.0003614335505834528
S;2;1;1;0;0-O;2;1;0;0;0,0.000356715224228603
N;3;1;2;0;0-N;4;2;2;0;0,0.00035524116333295546
N;3;2;0;1;1-C;4;1;3;0;0,0.00035518996657516025
N;4;1;2;0;0-N;3;2;1;0;0,0.0003513092764373672
O;2;1;0;0;0-C;4;4;0;0;0,0.0003504820725836354
C;4;2;1;1;1-F;1;1;0;0;0,0.0003503900711537469
N;3;2;1;0;0-N;4;2;2;0;0,0.0003494939269981762
O;2;1;0;0;0-N;4;2;2;0;1,0.00034878552507490137
O;2;1;0;0;0-N;3;3;0;0;1,0.0003452498829075602
O;2;1;1;0;0-N;4;3;1;0;0,0.00034402346354281036
C;4;3;0;0;0-N;3;3;0;1;1,0.00034318683191701357
C;5;3;0;0;0-N;3;1;2;0;0,0.00034163113950032287
N;4;1;3;0;0-N;4;1;3;0;0,0.00034039970420938375
O;2;1;0;0;0-S;2;2;0;0;1,0.0003398282621267904
C;4;2;2;0;1-N;3;2;1;0;0,0.00033907949789263185
C;4;2;2;0;1-S;6;4;0;0;0,0.0003369973221375722
S;2;2;0;0;0-O;2;1;0;0;0,0.0003368895145600139
C;6;3;0;0;0-C;4;2;2;0;1,0.0003334455044343258
C;4;3;0;1;1-N;3;3;0;0;1,0.000331558629719853
N;3;3;0;0;1-O;2;1;0;0;0,0.00032873288371436393
N;3;3;0;0;1-C;4;2;2;0;0,0.0003280756287896788
C;4;3;1;0;0-C;4;4;0;0;0,0.00032696685478601214
C;4;2;1;1;1-Cl;1;1;0;0;0,0.00032648137799874173
NumAliphaticHeterocycles,0.0003257571330128868
S;2;1;1;0;0-C;4;2;2;0;1,0.0003235194244067021
C;6;3;0;0;0-C;4;1;3;0;0,0.00032305125473408336
C;5;3;0;0;0-N;3;2;1;0;1,0.00031960862226168313
S;2;1;1;0;0-C;4;3;1;0;1,0.000318957752566479
N;3;1;2;0;0-N;4;1;3;0;0,0.00031827415681961037
fr_Al_OH_noTert,0.0003179660806798599
N;3;1;2;0;0-N;3;2;1;1;1,0.00031776391862312065
N;4;1;2;0;0-O;2;2;0;0;1,0.00031641304087444156
C;4;2;2;0;1-C;5;3;0;0;0,0.0003147633969740758
O;2;1;0;0;0-C;4;2;1;0;0,0.0003139493490861992
N;4;1;3;0;0-N;3;2;0;1;1,0.00031385967581420336
C;4;3;0;0;0-N;4;1;2;0;0,0.00031357647422468413
C;4;2;2;0;0-N;3;3;0;0;1,0.0003124036750252754
S;2;1;1;0;0-O;2;2;0;0;1,0.00031192298500014667
C;4;1;3;0;0-N;4;3;1;0;1,0.00031038386318907947
C;4;1;3;0;0-S;2;1;1;0;0,0.00031021168136475386
C;4;3;0;1;1-N;4;4;0;0;0,0.00030865984031279523
N;3;2;1;0;0-C;4;4;0;0;1,0.0003070140854026429
C;6;3;0;0;0-C;4;3;0;0;0,0.00030677892614897756
N;3;2;0;1;1-N;3;2;1;0;0,0.00030656848479932027
O;2;1;1;0;0-N;3;3;0;1;1,0.00030559384187681186
S;2;2;0;0;0-C;4;3;1;0;0,0.00030510915772232513
NumSaturatedHeterocycles,0.00030343493669534764
C;4;2;1;1;1-S;2;2;0;0;1,0.0002976957969013998
O;2;1;1;0;0-N;3;1;2;0;0,0.0002954565664636035
C;4;3;1;0;0-C;4;4;0;0;1,0.0002952010760627108
fr_NH2,0.0002946232322719326
N;4;2;1;0;0-C;4;2;2;0;0,0.0002943048669685826
C;4;2;2;0;0-N;3;2;0;0;0,0.0002936868157856175
O;2;1;0;0;0-P;6;4;0;0;0,0.00029165143589983823
C;5;3;0;0;0-N;3;2;1;1;1,0.0002903490458583272
C;4;2;2;0;0-P;6;4;0;0;0,0.0002903384531592419
C;4;3;0;0;0-N;3;2;1;0;1,0.0002883265120350769
O;2;1;1;0;0-C;4;3;0;0;1,0.00028743418843013585
NumSaturatedRings,0.000286530130706476
N;3;2;1;0;0-N;4;2;2;0;1,0.0002864278094674147
S;2;1;1;0;0-N;3;2;0;1;1,0.0002846684570143609
N;3;1;2;0;0-C;4;3;0;0;1,0.00028423509793633204
N;4;1;3;0;0-C;4;3;0;0;0,0.00028382436666879733
C;4;2;2;0;0-C;4;2;1;0;1,0.0002838122127110455
EState_VSA3,0.00028376428245827475
C;4;3;1;0;1-C;4;2;2;0;1,0.00028226417746170116
N;3;1;2;0;0-N;3;2;0;1;1,0.0002812687313642415
C;5;3;0;0;0-O;2;2;0;0;0,0.0002784991680050278
N;4;1;3;0;0-C;4;3;1;0;0,0.0002784530332671473
N;4;1;3;0;0-O;2;2;0;0;0,0.0002781995209587897
C;4;3;1;0;0-N;3;3;0;0;1,0.00027735419025867167
C;4;2;2;0;0-N;3;3;0;0;0,0.0002767082018793621
O;2;1;0;0;0-N;4;2;2;0;0,0.0002745283085661802
N;3;2;1;1;1-C;5;3;0;0;0,0.0002732005936079283
C;4;2;2;0;0-F;1;1;0;0;0,0.00027290880569071253
C;4;3;0;0;0-C;4;4;0;0;1,0.00027230357673437564
N;4;1;2;0;0-O;2;2;0;0;0,0.0002714773468166015
fr_para_hydroxylation,0.0002701474853630058
O;2;1;1;0;0-N;3;2;1;1;1,0.0002690479731477791
C;4;3;1;0;1-C;5;3;0;0;0,0.0002689759210457224
C;4;1;3;0;0-C;4;2;1;0;1,0.00026876371907151456
C;4;3;0;1;1-N;4;1;2;0;0,0.0002660300973293236
C;4;3;0;1;1-P;7;4;0;0;0,0.0002641969407419178
C;4;3;1;0;0-C;4;2;0;0;0,0.00026415934009404736
C;4;3;1;0;1-C;4;2;2;0;0,0.0002627517081653427
N;3;2;1;1;1-O;2;2;0;0;0,0.00026198643811833514
O;2;1;1;0;0-P;6;4;0;0;0,0.00026110510933027723
O;2;1;0;0;0-N;3;2;1;0;1,0.0002608533706738826
C;4;3;1;0;0-Cl;1;1;0;0;0,0.00025879485324149077
C;4;3;0;0;0-P;6;4;0;0;0,0.0002581202553759814
C;4;3;0;0;0-Cl;1;1;0;0;0,0.0002578844613589204
O;2;1;0;0;0-C;4;2;1;0;1,0.0002573296453240347
O;2;1;1;0;0-C;4;2;1;0;1,0.00025680478052564197
C;4;1;3;0;0-S;2;2;0;0;0,0.0002565366709842618
C;4;1;3;0;0-N;4;2;2;0;0,0.00025443029728594764
N;4;1;3;0;0-N;3;2;0;0;0,0.00025389767732505227
C;5;3;0;0;0-C;4;4;0;0;0,0.0002526689051754179
N;4;1;3;0;0-C;4;2;2;0;1,0.00025253279255682234
fr_urea,0.0002513678653055432
C;4;2;1;1;1-C;6;3;0;0;0,0.00024853745140467065
C;4;3;1;0;1-O;2;1;0;0;0,0.00024844929411148997
C;4;2;1;1;1-P;6;4;0;0;0,0.0002481885321311071
O;2;1;0;0;0-S;6;4;0;0;1,0.0002467139792751205
S;2;2;0;0;0-N;4;1;3;0;0,0.00024634931589672526
C;4;3;0;0;0-N;3;3;0;0;1,0.00024603249296830553
C;4;1;3;0;0-C;4;2;0;0;0,0.0002459993846782026
N;3;1;2;0;0-N;3;3;0;1;1,0.0002449091324319057
O;2;1;1;0;0-N;3;3;0;0;1,0.0002442995743615561
N;3;2;1;0;0-P;6;4;0;0;0,0.00024369444182097691
C;4;2;2;0;1-C;4;2;2;0;1,0.0002425928279271934
fr_Nhpyrrole,0.00024257254843680008
N;4;2;1;0;0-C;4;3;1;0;0,0.00024253535423139746
C;4;3;0;0;0-C;4;2;1;0;0,0.00024206411734634814
N;3;1;2;0;0-N;4;4;0;0;0,0.00024201250337389584
N;4;1;2;0;0-N;4;3;1;0;0,0.0002418535840293948
N;3;2;1;1;1-O;2;2;0;0;1,0.00024145694574657258
O;2;1;0;0;0-Cl;1;1;0;0;0,0.0002393534290679363
C;4;1;3;0;0-S;2;2;0;1;1,0.0002366361943860605
C;4;1;3;0;0-N;4;1;2;0;0,0.0002351535781467808
C;4;1;3;0;0-C;4;4;0;0;0,0.0002341710305244685
N;4;1;3;0;0-C;4;1;3;0;0,0.00023382533867707955
NumAliphaticRings,0.0002333880272480011
C;4;3;1;0;1-C;4;1;3;0;0,0.00023215133145357793
C;4;2;1;1;1-P;7;4;0;0;0,0.0002319573576999409
N;3;2;1;1;1-N;4;3;1;0;0,0.00023188869626199034
C;4;3;0;1;1-S;7;4;0;0;0,0.00023119252502276565
C;4;3;1;0;0-S;2;2;0;0;0,0.0002305700016043579
O;2;1;0;0;0-F;1;1;0;0;0,0.00022934518309604735
O;2;1;0;0;0-N;4;2;1;0;0,0.00022836307367549448
N;4;2;1;0;0-C;5;3;0;0;0,0.00022820710147764667
C;4;3;1;0;1-O;2;1;1;0;0,0.00022713091266932144
fr_ketone,0.00022624550745060744
N;3;2;1;0;0-N;3;2;1;0;1,0.00022496147170032293
fr_phenol_noOrthoHbond,0.00022492442632011107
N;3;2;1;0;0-S;2;2;0;1;1,0.00022355244476358026
C;4;2;2;0;0-N;4;3;1;0;1,0.00022139636995213764
C;5;3;0;0;0-N;4;3;1;0;1,0.00022127061802293643
N;3;1;2;0;0-N;3;1;2;0;0,0.00021959984991589006
C;4;2;2;0;1-N;4;1;3;0;0,0.00021876973827902914
C;6;3;0;0;0-N;3;2;1;0;0,0.00021862705583735806
N;3;3;0;0;1-N;3;2;0;1;1,0.00021813869496472115
N;4;1;3;0;0-N;3;3;0;1;1,0.00021798225175737092
C;4;3;1;0;0-S;2;2;0;1;1,0.00021728858634248978
O;2;1;0;0;0-C;4;4;0;0;1,0.00021700077297214632
N;4;1;2;0;0-C;4;4;0;0;1,0.00021694920045635697
N;3;2;1;0;0-N;3;3;0;0;1,0.00021436607767236579
S;2;1;1;0;0-O;2;2;0;0;0,0.00021030922100455151
C;4;3;0;1;1-Cl;1;1;0;0;0,0.00020810324357029597
N;3;2;0;1;1-C;5;3;0;0;0,0.0002073376941029113
C;4;2;1;1;1-N;3;2;0;0;1,0.0002073049192016488
C;6;3;0;0;0-O;2;2;0;0;0,0.00020726398887906355
N;3;2;0;1;1-P;7;4;0;0;0,0.00020724571989353186
C;4;3;0;0;0-C;4;2;1;0;1,0.00020712811829947102
O;2;1;1;0;0-N;4;3;1;0;1,0.00020622402719475602
N;3;2;0;1;1-N;4;1;3;0;0,0.00020451383054278125
O;2;1;1;0;0-C;4;4;0;0;1,0.00020261774605054848
fr_lactone,0.00020231445329989842
C;5;3;0;0;0-N;3;3;0;0;1,0.00020134981875980187
C;4;3;1;0;0-C;4;2;1;0;0,0.00020121904040933147
N;4;1;2;0;0-P;7;4;0;0;0,0.00019996626742385733
N;3;2;1;1;1-C;4;4;0;0;1,0.00019747040863574646
C;4;2;2;0;0-N;4;3;1;0;0,0.0001959735082277172
C;4;2;1;1;1-Br;1;1;0;0;0,0.00019508817366403034
N;3;2;1;0;0-N;4;3;1;0;1,0.00019498398798365745
S;2;2;0;0;0-N;4;3;1;0;1,0.0001944119595593066
C;4;2;2;0;0-C;4;4;0;0;1,0.00019420551217676758
C;4;3;0;0;0-N;3;3;0;0;0,0.0001941373880303823
C;4;3;1;0;0-N;4;2;2;0;1,0.0001938284079384587
C;4;2;2;0;0-S;2;2;0;0;0,0.00019198909681492489
C;4;3;1;0;0-C;4;2;1;0;1,0.00019122606336868014
C;6;3;0;0;0-P;7;4;0;0;0,0.00019056587185553624
C;4;2;2;0;0-Cl;1;1;0;0;0,0.00019045920958117883
fr_sulfonamd,0.0001900174382905761
N;3;2;1;1;1-C;4;3;0;0;1,0.00018727400228542112
S;2;2;0;0;0-C;4;3;0;0;0,0.0001842455815674438
O;2;1;0;0;0-C;6;3;0;0;0,0.00018328717564338926
N;4;1;2;0;0-N;3;1;2;0;0,0.00018265983056962797
S;2;2;0;0;0-O;2;2;0;1;1,0.00018222393381570157
N;4;1;2;0;0-S;2;2;0;0;0,0.0001804799201731398
C;4;2;1;1;1-C;4;4;0;0;0,0.00017950223514183556
O;2;1;1;0;0-C;4;2;1;0;0,0.0001789217468247791
EState_VSA6,0.00017851372567819745
N;3;2;1;1;1-P;7;4;0;0;0,0.00017849391612713753
fr_piperdine,0.00017828180132497092
S;2;1;1;0;0-C;4;3;0;0;0,0.0001780787375107924
C;4;1;3;0;0-F;1;1;0;0;0,0.00017799311832746422
S;2;2;0;0;0-N;4;2;2;0;1,0.00017636685143576067
C;5;3;0;0;0-C;6;3;0;0;0,0.00017621561689255187
C;4;3;0;1;1-N;4;3;1;0;0,0.00017444372723195506
N;3;1;2;0;0-N;3;2;1;0;1,0.0001743523330461912
C;4;3;0;1;1-N;3;2;0;0;1,0.00017423138280683626
N;3;1;2;0;0-S;2;2;0;1;1,0.0001734085576901272
N;4;1;3;0;0-P;6;4;0;0;0,0.000173002578950436
N;3;2;0;1;1-N;3;3;0;0;1,0.00017171234578584828
S;2;1;1;0;0-P;6;4;0;0;0,0.00017139773319414724
C;4;3;1;0;0-F;1;1;0;0;0,0.00017103063215498195
O;2;1;1;0;0-N;3;2;1;0;1,0.00017071500189842293
C;4;2;2;0;1-S;2;2;0;1;1,0.00017069834271227408
N;3;1;2;0;0-N;3;3;0;0;1,0.00017042550962254337
N;3;2;1;1;1-N;4;1;3;0;0,0.00016994588018837738
S;2;1;1;0;0-C;4;3;1;0;0,0.00016899315969122074
O;2;1;0;0;0-N;4;3;1;0;1,0.0001685416466510113
N;4;2;1;0;0-O;2;2;0;0;0,0.00016799039362594818
fr_phenol,0.00016688308863243214
C;4;2;1;1;1-N;4;4;0;0;0,0.0001665628151523314
N;4;2;1;0;0-N;3;2;1;0;0,0.00016487672821876247
N;4;1;2;0;0-S;6;4;0;0;0,0.00016361093457584227
N;3;1;2;0;0-S;2;2;0;0;0,0.00016292573534168486
C;4;3;1;0;1-N;4;1;3;0;0,0.0001626421967738475
C;4;2;1;1;1-S;2;1;1;0;0,0.0001621955595581679
C;4;2;1;1;1-N;4;3;1;0;0,0.00016185176821829366
C;5;3;0;0;0-S;6;4;0;0;0,0.00016077487963868617
N;3;3;0;0;1-O;2;1;1;0;0,0.0001598612873296877
C;4;2;2;0;0-C;4;4;0;0;0,0.00015936192538484488
N;4;1;2;0;0-N;3;2;0;1;1,0.0001588777600238168
fr_Ar_NH,0.00015836688249571676
C;4;2;1;1;1-N;3;3;0;0;0,0.00015828148293541507
N;4;1;2;0;0-C;4;2;1;0;0,0.00015754763294486776
N;3;2;1;1;1-N;4;2;2;0;1,0.00015741728792613443
C;4;3;1;0;0-P;6;4;0;0;0,0.00015693615842401765
N;4;1;3;0;0-C;4;3;0;0;1,0.00015684710144190907
fr_methoxy,0.00015400878944877905
N;3;2;1;1;1-C;4;2;1;0;1,0.00015329485587866248
O;2;1;1;0;0-F;1;1;0;0;0,0.0001517151245870899
C;4;3;0;0;0-N;4;3;1;0;1,0.00015132615211328675
C;4;2;2;0;1-O;2;2;0;0;1,0.00015118883365594914
S;2;2;0;0;0-C;5;3;0;0;0,0.00015071182775677172
C;4;3;0;0;0-S;7;4;0;0;0,0.00015028915055555986
C;4;3;1;0;1-N;3;1;2;0;0,0.00014941169183980963
C;4;2;2;0;1-C;4;4;0;0;1,0.00014884174772605849
N;4;2;1;0;0-C;4;2;2;0;1,0.00014860082621457466
N;4;2;1;0;0-C;4;3;0;0;0,0.00014689922178862358
N;3;2;1;0;0-C;4;2;1;0;0,0.00014561418984708086
C;4;3;0;1;1-N;3;2;1;0;1,0.00014489399391187985
C;4;3;0;0;0-F;1;1;0;0;0,0.00014438619970061714
C;6;3;0;0;0-O;2;2;0;0;1,0.0001418854870620411
N;4;1;2;0;0-N;4;2;2;0;1,0.00014180243173814066
N;3;1;2;0;0-N;4;1;2;0;0,0.0001412828089498397
C;4;3;1;0;0-N;3;3;0;0;0,0.00014125122828456262
fr_aryl_methyl,0.00014109922269057388
N;3;2;0;1;1-N;3;2;0;1;1,0.00013981718781227526
C;4;3;1;0;0-C;6;3;0;0;0,0.00013845979922148544
N;3;2;1;0;0-C;4;2;1;0;1,0.00013814163394493498
C;4;3;1;0;1-N;3;2;1;0;0,0.00013701067242072922
N;3;2;1;1;1-N;4;2;2;0;0,0.00013638929885105948
fr_sulfide,0.00013636340438975345
N;3;2;1;1;1-Cl;1;1;0;0;0,0.00013516881926428035
N;3;1;2;0;0-P;7;4;0;0;0,0.00013422439259617875
fr_thiazole,0.0001341753673817251
C;4;2;2;0;1-P;7;4;0;0;0,0.00013399199378476913
C;4;3;0;1;1-S;2;2;0;0;0,0.00013342743231660483
N;4;1;2;0;0-N;4;2;1;0;0,0.00013335171687460905
C;4;1;3;0;0-I;1;1;0;0;0,0.00013308541657528261
S;2;1;1;0;0-N;3;3;0;1;1,0.00013296756046485682
C;4;3;0;0;0-C;6;3;0;0;0,0.0001326934539413488
N;4;1;2;0;0-C;4;3;0;0;1,0.0001325446001393549
O;2;1;0;0;0-S;7;4;0;0;0,0.00013251310057588848
C;4;1;3;0;0-N;4;3;0;0;1,0.00013251296389113685
C;6;3;0;0;0-C;4;4;0;0;0,0.00013250567069984334
S;2;2;0;0;0-C;4;3;0;0;1,0.00013249622965495232
C;4;3;1;0;1-C;4;3;0;0;1,0.0001319930592992735
C;4;1;3;0;0-P;6;4;0;0;0,0.00013173281300406128
N;3;2;1;1;1-N;3;3;0;0;0,0.0001312295914548173
fr_tetrazole,0.00013105456398647674
N;3;3;0;0;1-C;4;1;3;0;0,0.00013101856861898198
N;4;1;2;0;0-C;4;4;0;0;0,0.0001307099564530832
N;3;2;1;1;1-N;3;2;0;0;0,0.000129837857483384
N;4;1;2;0;0-N;4;3;1;0;1,0.00012942576385993002
C;6;3;0;0;0-N;4;2;2;0;1,0.0001290546279352639
N;4;1;3;0;0-C;4;4;0;0;0,0.0001289442965958712
C;4;3;1;0;0-N;3;2;0;0;1,0.00012795792425553723
S;2;2;0;0;0-N;4;2;1;0;0,0.0001278584996632435
C;6;3;0;0;0-F;1;1;0;0;0,0.00012715190418226128
C;4;2;2;0;1-C;4;2;1;0;1,0.0001270704123384778
N;3;2;1;1;1-P;6;4;0;0;0,0.0001262346008944314
N;3;2;0;1;1-N;3;3;0;1;1,0.00012507221777011195
S;2;2;0;0;0-C;4;2;1;0;1,0.00012491582052962145
C;4;2;2;0;0-I;1;1;0;0;0,0.00012485705868328116
C;4;1;3;0;0-N;4;2;2;0;1,0.00012471801899661253
C;6;3;0;0;0-N;3;2;0;1;1,0.00012454023939426466
C;4;2;2;0;1-Cl;1;1;0;0;0,0.00012413655037774775
O;2;1;0;0;0-N;3;2;0;0;0,0.00012400203249287694
fr_amidine,0.00012388497577023812
C;4;1;3;0;0-N;4;3;1;0;0,0.00012224501772451187
C;4;1;3;0;0-N;5;3;0;0;0,0.00012166584402630191
N;4;1;2;0;0-N;3;3;0;1;1,0.00012137791153145284
O;2;1;0;0;0-S;2;2;0;1;1,0.00012078806416958736
fr_SH,0.000120481140989688
S;2;1;1;0;0-P;7;4;0;0;0,0.00012032857928843153
fr_sulfone,0.00012012176530218184
O;2;1;0;0;0-O;2;2;0;1;1,0.00012012159679051327
O;2;1;1;0;0-S;2;2;0;0;0,0.00011993224772748783
C;4;1;3;0;0-N;3;1;1;0;0,0.00011963273833448933
N;3;3;0;0;1-C;4;2;1;0;0,0.00011957789334723019
N;3;3;0;0;1-N;4;1;2;0;0,0.00011930755454490197
C;4;3;0;1;1-N;4;2;1;0;0,0.00011913941153246609
N;3;3;0;0;1-N;3;2;1;0;0,0.00011885939927823002
N;4;2;1;0;0-P;7;4;0;0;0,0.00011840269177027302
C;4;3;0;1;1-O;2;2;0;1;1,0.00011827936958091012
N;4;2;1;0;0-C;4;3;0;0;1,0.00011753682612329955
N;3;1;2;0;0-Cl;1;1;0;0;0,0.00011717527248166306
S;2;1;1;0;0-N;3;3;0;0;1,0.00011633621777299695
C;4;3;1;0;1-N;3;2;0;1;1,0.00011582750834252225
C;4;3;1;0;0-S;2;1;1;0;0,0.00011568953325451724
O;2;1;1;0;0-C;6;3;0;0;0,0.00011565537849854684
C;4;2;2;0;0-S;2;2;0;1;1,0.00011523438869954234
fr_alkyl_carbamate,0.00011519195755748231
C;4;2;1;1;1-N;3;1;0;0;0,0.00011468161153997946
C;4;2;2;0;0-N;5;3;0;0;0,0.00011456770158031259
S;2;2;0;0;0-N;3;2;1;1;1,0.00011455244203023494
C;5;3;0;0;0-N;4;2;2;0;0,0.00011430877723958974
S;2;2;0;0;0-O;2;2;0;0;1,0.00011413879057315014
N;3;3;0;0;1-C;4;2;2;0;1,0.0001139509265268604
C;4;2;2;0;1-N;3;2;1;1;1,0.00011373220001136576
S;2;2;0;0;0-O;2;2;0;0;0,0.00011369046997592922
fr_alkyl_halide,0.00011363434983191543
N;3;2;1;0;0-F;1;1;0;0;0,0.00011347966873335105
N;3;2;0;1;1-C;4;2;1;0;1,0.00011328950632297467
N;3;2;1;1;1-N;4;3;1;0;1,0.00011325647086331526
C;4;2;2;0;0-C;6;3;0;0;0,0.00011299130667462225
N;3;2;0;1;1-O;2;2;0;0;0,0.00011264100515603269
N;3;2;1;0;0-N;3;1;1;0;0,0.00011261826577697687
O;2;1;0;0;0-S;2;2;0;0;0,0.00011249510879083016
S;2;2;0;0;0-N;3;2;1;0;0,0.00011228067379053045
S;2;1;1;0;0-S;2;2;0;1;1,0.00011044682260858782
C;4;2;2;0;1-N;3;3;0;1;1,0.0001103092984471577
O;2;1;1;0;0-N;4;2;1;0;0,0.00011019117258496347
N;4;1;3;0;0-N;3;1;2;0;0,0.00011012029975895775
N;3;2;1;1;1-N;3;3;0;1;1,0.0001090406736605077
C;4;2;2;0;1-P;6;4;0;0;0,0.00010897025643098193
N;3;2;1;1;1-N;3;2;0;0;1,0.00010849580258992351
C;5;3;0;0;0-N;4;2;1;0;0,0.00010842806590277152
N;3;1;2;0;0-C;4;2;1;0;0,0.00010834322114796744
N;3;2;1;1;1-N;3;2;1;1;1,0.00010799471510241981
N;3;1;2;0;0-N;4;2;2;0;1,0.00010798345365332469
C;5;3;0;0;0-N;4;2;2;0;1,0.0001078142253892989
C;4;2;2;0;1-O;2;2;0;1;1,0.00010775449501828415
C;4;3;1;0;0-S;2;2;0;0;1,0.00010757998749341855
C;4;2;1;1;1-N;5;3;0;1;1,0.00010678403210956415
S;2;1;1;0;0-N;3;2;1;0;0,0.00010642636571871328
N;3;1;2;0;0-N;3;3;0;0;0,0.00010592693101977198
N;4;1;3;0;0-Cl;1;1;0;0;0,0.00010576859006430298
C;4;3;0;1;1-N;4;3;1;0;1,0.00010565612319342345
N;4;1;2;0;0-C;4;2;1;0;1,0.00010532263526821097
C;4;2;2;0;0-N;3;1;0;0;0,0.00010524226911330053
C;5;3;0;0;0-S;2;1;1;0;0,0.00010474389008067172
N;4;1;2;0;0-S;2;2;0;0;1,0.00010445041087106527
C;4;3;0;1;1-C;4;4;0;0;1,0.00010387188766581383
C;5;3;0;0;0-O;2;2;0;1;1,0.00010363900671664267
C;4;3;0;1;1-Br;1;1;0;0;0,0.00010343231300224438
N;3;2;0;1;1-N;3;2;0;0;0,0.00010262727882761037
C;4;3;1;0;1-C;4;3;1;0;1,0.0001019700663605046
C;4;2;1;1;1-O;2;2;0;1;1,0.00010095493770942157
N;4;2;1;0;0-N;3;1;2;0;0,0.00010043885838504902
N;4;2;1;0;0-F;1;1;0;0;0,0.00010035003793570032
O;2;1;0;0;0-N;4;3;1;0;0,9.952426373316373e-05
C;4;2;2;0;0-S;7;4;0;0;0,9.941335894336504e-05
N;3;2;1;1;1-N;3;3;0;0;1,9.905960956333418e-05
C;6;3;0;0;0-N;4;1;3;0;0,9.898403778469532e-05
N;3;1;2;0;0-N;4;2;1;0;0,9.860485664207159e-05
C;6;3;0;0;0-N;4;3;1;0;1,9.757356493801673e-05
C;4;1;3;0;0-O;2;2;0;1;1,9.746130494748636e-05
N;3;3;0;0;1-C;5;3;0;0;0,9.705976135843301e-05
fr_Ndealkylation1,9.685174885611716e-05
N;4;2;1;0;0-N;4;1;3;0;0,9.648909199631049e-05
C;4;3;0;1;1-P;5;4;0;0;0,9.633977170278524e-05
C;4;3;0;1;1-N;3;3;0;0;0,9.58276085802323e-05
N;3;2;1;0;0-C;6;3;0;0;0,9.544431342357022e-05
C;6;3;0;0;0-C;4;4;0;0;1,9.486589863312113e-05
N;4;2;1;0;0-N;3;1;0;0;0,9.468509314652366e-05
N;3;2;1;0;0-S;7;4;0;0;0,9.345501594527248e-05
C;5;3;0;0;0-P;7;4;0;0;0,9.318091305537042e-05
C;6;3;0;0;0-C;4;3;0;0;1,9.308533643528562e-05
C;4;3;0;0;0-C;4;4;0;0;0,9.283981365975017e-05
C;6;3;0;0;0-C;4;2;0;0;0,9.24978148164671e-05
N;3;3;0;0;1-O;2;2;0;0;1,9.246470734240263e-05
C;4;2;1;1;1-C;4;2;0;0;0,9.224042442641383e-05
C;4;1;3;0;0-S;2;2;0;0;1,9.165033755172024e-05
S;2;2;0;0;0-N;3;1;2;0;0,9.096027769548692e-05
O;2;1;1;0;0-P;5;4;0;0;0,9.07270503633098e-05
N;3;2;0;1;1-N;4;3;1;0;0,9.06159708756286e-05
O;2;1;1;0;0-N;3;2;0;0;0,9.040120723351955e-05
S;2;1;1;0;0-N;4;1;2;0;0,9.003662324670917e-05
C;4;3;0;0;0-S;2;1;1;0;0,8.99531464028215e-05
C;5;3;0;0;0-C;4;4;0;0;1,8.984545870279521e-05
N;4;2;1;0;0-P;5;4;0;0;0,8.97152672726905e-05
S;2;1;1;0;0-N;3;2;1;1;1,8.839694144976919e-05
C;4;2;2;0;1-N;3;1;2;0;0,8.781468679046086e-05
O;2;1;0;0;0-I;1;1;0;0;0,8.743441102936566e-05
N;4;1;3;0;0-C;4;2;1;0;1,8.685938138528092e-05
O;2;1;1;0;0-S;2;2;0;0;1,8.679035311076677e-05
N;4;2;1;0;0-N;3;2;0;1;1,8.629210703791608e-05
C;4;2;2;0;0-N;4;2;1;0;0,8.609767511278791e-05
C;4;2;2;0;1-O;2;2;0;0;0,8.584102393276334e-05
C;4;2;2;0;1-C;4;3;0;0;1,8.565745279387361e-05
N;3;2;1;0;0-N;4;2;1;0;0,8.511936416025306e-05
C;4;2;1;1;1-C;4;1;2;0;0,8.503777299302978e-05
C;4;3;0;1;1-S;2;1;1;0;0,8.489094549566404e-05
N;4;2;1;0;0-N;4;2;2;0;1,8.452236994920331e-05
C;5;3;0;0;0-S;2;2;0;1;1,8.40041076106166e-05
C;4;3;0;1;1-F;1;1;0;0;0,8.389560450032666e-05
N;4;1;2;0;0-N;3;2;1;1;1,8.378504784351855e-05
C;4;2;2;0;0-C;4;1;2;0;0,8.367554748752393e-05
O;2;1;1;0;0-C;4;1;2;0;0,8.299898016495608e-05
S;2;1;1;0;0-C;5;3;0;0;0,8.196258953651882e-05
C;5;3;0;0;0-C;4;2;1;0;1,8.196038549251513e-05
C;4;3;0;1;1-S;2;2;0;1;1,8.16165440390277e-05
fr_piperzine,8.160588608626061e-05
C;5;3;0;0;0-Cl;1;1;0;0;0,8.149162065197079e-05
C;4;2;2;0;0-S;2;1;1;0;0,8.148043562526431e-05
O;2;1;1;0;0-C;4;2;0;0;0,8.137340959415473e-05
N;4;1;2;0;0-P;6;4;0;0;0,8.101083944808217e-05
S;2;2;0;0;0-C;4;4;0;0;0,8.088873561019867e-05
fr_oxazole,8.046776803762975e-05
N;3;2;1;0;0-S;2;2;0;0;1,8.017944509869361e-05
N;4;2;1;0;0-O;2;2;0;0;1,7.969072177472407e-05
N;3;2;1;1;1-C;4;2;1;0;0,7.962058347365837e-05
C;4;3;0;0;0-N;3;2;0;0;1,7.948262963542406e-05
S;2;2;0;0;0-N;3;3;0;1;1,7.922154046826557e-05
C;4;2;2;0;0-N;4;4;0;0;0,7.890857379174857e-05
C;4;2;2;0;0-P;5;4;0;0;0,7.868611096933517e-05
C;4;2;2;0;0-S;2;2;0;0;1,7.861686114488743e-05
N;3;2;1;0;0-S;2;1;1;0;0,7.846824252471306e-05
N;4;2;1;0;0-N;3;2;1;1;1,7.799560587766408e-05
C;4;3;1;0;1-N;4;1;2;0;0,7.79647216545823e-05
C;4;3;0;0;0-S;2;2;0;1;1,7.77178884115086e-05
O;2;1;0;0;0-P;6;4;0;0;1,7.650213536393955e-05
C;5;3;0;0;0-C;4;2;1;0;0,7.628653244404557e-05
N;3;3;0;0;1-C;4;2;1;0;1,7.603153378752517e-05
N;3;3;0;0;1-C;4;3;1;0;1,7.602233537344501e-05
N;3;2;0;1;1-P;6;4;0;0;0,7.602034325184349e-05
N;4;1;2;0;0-N;4;2;2;0;0,7.58075427911882e-05
C;4;3;1;0;0-O;2;2;0;1;1,7.556844029685727e-05
fr_aldehyde,7.522407236953198e-05
C;4;3;1;0;0-P;5;4;0;0;0,7.51131584791657e-05
S;2;1;1;0;0-N;3;1;2;0;0,7.484958928408584e-05
S;2;2;0;0;0-F;1;1;0;0;0,7.477523204948958e-05
N;3;2;1;0;0-C;4;4;0;0;0,7.465527208151133e-05
N;4;2;1;0;0-N;3;3;0;1;1,7.450605410204696e-05
O;2;1;1;0;0-C;4;4;0;0;0,7.445815843711295e-05
O;2;1;0;0;0-C;5;3;0;1;1,7.438473668515743e-05
C;4;3;0;0;0-N;4;2;1;0;0,7.405117418606291e-05
N;3;2;1;0;0-P;6;4;0;0;1,7.387031136726109e-05
C;4;2;2;0;0-C;5;3;0;1;1,7.383594112974739e-05
C;5;3;0;0;0-S;2;2;0;0;1,7.368276762525691e-05
N;4;1;3;0;0-C;4;2;1;0;0,7.361352524399699e-05
C;4;3;1;0;0-N;4;2;1;0;0,7.33999278926634e-05
N;3;2;0;1;1-N;3;3;0;0;0,7.335972391969387e-05
C;4;3;0;1;1-C;4;1;2;0;0,7.189557526163591e-05
C;4;3;1;0;0-S;7;4;0;0;0,7.185956976645262e-05
N;4;1;3;0;0-N;3;3;0;0;1,7.168538441979197e-05
C;4;1;3;0;0-C;4;1;2;0;0,7.145205634204233e-05
S;2;1;1;0;0-N;3;2;0;0;0,7.09015093806687e-05
N;4;1;3;0;0-N;3;2;1;1;1,7.068701483986588e-05
N;3;3;0;0;1-N;3;2;1;0;1,6.95365350774448e-05
C;4;2;2;0;1-S;7;4;0;0;0,6.93591589862668e-05
C;5;3;0;0;0-N;3;2;0;0;0,6.919938064112038e-05
N;4;1;3;0;0-N;3;2;1;0;1,6.867045916186243e-05
C;4;3;1;0;1-C;4;3;1;0;0,6.865101918469537e-05
C;4;2;2;0;0-Br;1;1;0;0;0,6.80199054522585e-05
N;3;2;1;0;0-C;4;1;2;0;0,6.789466713056012e-05
O;2;1;1;0;0-S;2;1;1;0;0,6.778833023409838e-05
C;4;3;1;0;0-N;4;3;0;0;1,6.750060033083206e-05
N;3;2;1;1;1-S;2;1;1;0;0,6.745972162517897e-05
S;2;1;1;0;0-N;4;2;2;0;1,6.735260407497025e-05
N;4;1;2;0;0-N;4;1;2;0;0,6.723489269680631e-05
C;4;1;3;0;0-S;2;1;0;0;0,6.669956682382105e-05
C;6;3;0;0;0-N;5;3;0;0;0,6.650685398030877e-05
N;3;1;2;0;0-C;4;2;1;0;1,6.63800115866665e-05
N;3;1;2;0;0-S;6;4;0;0;0,6.618038346131373e-05
N;3;2;1;1;1-C;4;4;0;0;0,6.606951377483222e-05
C;4;2;1;1;1-N;3;2;0;0;0,6.558949364164142e-05
C;4;3;0;1;1-P;6;4;0;0;0,6.545040034535193e-05
N;3;1;2;0;0-C;4;4;0;0;1,6.527052827693448e-05
C;4;1;3;0;0-P;5;4;0;0;0,6.518341479824826e-05
C;4;2;1;1;1-N;5;3;0;0;0,6.476306603521941e-05
fr_ArN,6.469399575505027e-05
S;2;1;1;0;0-N;4;1;3;0;0,6.465618546470403e-05
N;4;1;3;0;0-S;2;2;0;0;0,6.462285413807829e-05
O;2;1;1;0;0-I;1;1;0;0;0,6.442590093340887e-05
C;4;1;3;0;0-S;6;4;0;0;1,6.441716115399162e-05
O;2;1;1;0;0-S;6;4;0;0;1,6.439937550463913e-05
C;4;2;1;1;1-N;4;3;0;0;1,6.366434857326645e-05
N;3;2;1;1;1-F;1;1;0;0;0,6.335254713412612e-05
C;6;3;0;0;0-N;3;1;2;0;0,6.325961128205853e-05
C;4;3;0;1;1-C;4;2;0;0;0,6.303616212662179e-05
C;4;3;1;0;0-N;4;3;1;0;0,6.299656658981572e-05
C;4;2;2;0;0-O;2;2;0;1;1,6.262791662982309e-05
N;3;2;0;1;1-C;4;3;0;0;1,6.249969415347572e-05
N;3;3;0;0;1-C;4;3;1;0;0,6.20361334317397e-05
N;3;2;0;1;1-C;4;4;0;0;1,6.198622793265565e-05
C;4;3;0;0;0-N;4;3;1;0;0,6.197769427222986e-05
C;6;3;0;0;0-N;4;1;2;0;0,6.132901359116851e-05
C;4;1;3;0;0-N;4;2;1;0;0,6.094567344943e-05
N;3;2;1;1;1-C;6;3;0;0;0,6.07679843870076e-05
C;4;3;1;0;0-C;5;3;0;1;1,6.075598550166492e-05
N;4;1;2;0;0-P;5;4;0;0;0,6.0743116592815004e-05
S;2;1;1;0;0-C;4;3;0;0;1,6.069905825060377e-05
N;4;2;1;0;0-S;7;4;0;0;0,6.055217317667905e-05
N;3;2;0;1;1-F;1;1;0;0;0,6.0382255209260536e-05
N;3;3;0;0;1-N;3;3;0;1;1,6.014219252791944e-05
C;4;3;1;0;0-Br;1;1;0;0;0,6.003518183900679e-05
N;4;2;1;0;0-C;4;2;1;0;1,5.9588361967344396e-05
C;4;1;3;0;0-C;5;3;0;1;1,5.925637391412967e-05
C;4;3;0;0;0-O;2;2;0;1;1,5.904478891141884e-05
S;2;2;0;0;0-S;2;2;0;1;1,5.9003878856948836e-05
O;2;1;0;0;0-N;5;3;0;0;0,5.879496414236953e-05
N;3;1;2;0;0-S;7;4;0;0;0,5.856160257566532e-05
N;3;2;1;0;0-N;3;2;0;0;0,5.853792283669392e-05
C;6;3;0;0;0-P;5;4;0;0;0,5.852352096291117e-05
S;2;2;0;0;0-S;6;4;0;0;0,5.8477801733875885e-05
C;4;2;1;1;1-S;6;4;0;0;1,5.818836692938503e-05
C;4;3;0;1;1-N;3;2;0;0;0,5.758514361032963e-05
C;4;3;1;0;0-N;5;3;0;1;1,5.749483558497754e-05
S;2;2;0;0;0-N;3;3;0;0;0,5.716030900066337e-05
O;2;1;0;0;0-N;4;4;0;0;0,5.715249458162601e-05
N;4;2;1;0;0-S;6;4;0;0;0,5.6994277084783297e-05
C;4;2;2;0;1-C;6;3;0;0;0,5.6812413685362236e-05
C;4;1;3;0;0-N;3;1;0;0;0,5.679630230242737e-05
S;2;2;0;0;0-S;2;2;0;0;0,5.6677937371171914e-05
C;6;3;0;0;0-C;4;2;1;0;0,5.6576595043993586e-05
fr_Al_COO,5.6194412286276785e-05
N;3;2;1;0;0-C;5;3;0;1;1,5.617100940387056e-05
O;2;1;0;0;0-N;5;3;0;1;1,5.6138829433711245e-05
S;2;1;1;0;0-N;4;3;1;0;0,5.6109078426962096e-05
fr_imide,5.605208008752096e-05
N;4;1;2;0;0-C;6;3;0;0;0,5.578758824107699e-05
C;4;1;3;0;0-C;6;3;0;0;0,5.490668279970693e-05
C;4;2;2;0;1-N;4;3;1;0;1,5.442661056252195e-05
N;3;2;1;1;1-S;2;2;0;1;1,5.431507950222667e-05
fr_nitro_arom,5.3857137363327625e-05
C;4;3;0;1;1-C;4;4;0;0;0,5.3484916931406215e-05
C;5;3;0;0;0-S;2;2;0;0;0,5.3381738891655126e-05
N;3;3;0;0;1-N;4;1;3;0;0,5.2566602932293486e-05
N;3;2;1;1;1-N;3;2;1;0;1,5.229099036603857e-05
fr_COO2,5.2099731853537005e-05
C;4;2;1;1;1-S;2;2;0;1;1,5.19167617850044e-05
N;4;2;1;0;0-N;4;2;2;0;0,5.149997763836945e-05
N;4;1;2;0;0-Cl;1;1;0;0;0,5.0822970692443345e-05
N;4;1;3;0;0-S;6;4;0;0;0,5.050588256025973e-05
C;4;3;0;1;1-I;1;1;0;0;0,5.040901885544345e-05
S;2;2;0;0;0-P;7;4;0;0;0,5.037836832678968e-05
N;3;1;2;0;0-Br;1;1;0;0;0,5.010534726654129e-05
O;2;1;1;0;0-N;4;4;0;0;0,5.00863467590998e-05
C;4;3;1;0;1-O;2;2;0;0;1,5.006146592689663e-05
C;4;2;2;0;1-N;4;2;1;0;0,4.964846071016242e-05
N;3;3;0;0;1-C;4;3;0;0;0,4.959868835329538e-05
N;3;3;0;0;1-P;5;4;0;0;0,4.950583086729631e-05
C;4;3;0;1;1-N;3;1;1;0;0,4.943163228155577e-05
C;6;3;0;0;0-N;3;3;0;1;1,4.9301637410330736e-05
N;3;3;0;0;1-P;6;4;0;0;0,4.9029993949686236e-05
N;3;2;0;1;1-S;2;1;1;0;0,4.872412887619245e-05
N;4;1;3;0;0-N;4;3;1;0;1,4.86522770227898e-05
N;4;2;1;0;0-C;4;2;1;0;0,4.8351054575944e-05
C;4;2;2;0;1-N;3;2;1;0;1,4.834307409693951e-05
N;4;1;3;0;0-C;4;4;0;0;1,4.802607041064037e-05
C;4;3;0;0;0-C;5;3;0;1;1,4.795241203086815e-05
C;6;3;0;0;0-P;6;4;0;0;0,4.788902372780189e-05
C;4;2;1;1;1-C;3;3;0;1;1,4.7876992906546906e-05
C;4;3;1;0;0-N;3;1;0;0;0,4.779239275339782e-05
N;4;1;2;0;0-N;3;3;0;0;1,4.7588837132394836e-05
N;4;1;3;0;0-N;4;2;2;0;0,4.735995441604946e-05
N;3;2;0;1;1-N;4;2;2;0;1,4.671991730620833e-05
C;6;3;0;0;0-N;3;3;0;0;1,4.624203126139126e-05
EState_VSA5,4.5961254816174315e-05
N;3;1;2;0;0-F;1;1;0;0;0,4.567265831827809e-05
C;4;3;1;0;1-C;4;3;0;0;0,4.5660314746663574e-05
C;4;3;0;0;0-S;6;4;0;0;1,4.559117912949084e-05
N;3;2;0;1;1-N;4;1;2;0;0,4.540484337372253e-05
C;4;2;2;0;1-N;4;2;2;0;0,4.532206984280911e-05
C;6;3;0;0;0-N;4;2;2;0;0,4.495112626658542e-05
N;4;1;2;0;0-F;1;1;0;0;0,4.480334269650991e-05
N;3;2;0;1;1-S;2;2;0;0;0,4.459775446117327e-05
O;2;1;1;0;0-S;2;2;0;1;1,4.4497108357330024e-05
N;3;2;1;0;0-N;4;3;1;0;0,4.433421465451152e-05
N;3;3;0;0;1-N;3;2;1;1;1,4.422364823942308e-05
C;4;3;1;0;0-S;6;4;0;0;1,4.3748478826651745e-05
C;4;2;2;0;0-N;5;3;0;1;1,4.35289499321582e-05
N;4;1;3;0;0-N;4;1;2;0;0,4.3504936539480294e-05
N;3;2;1;1;1-S;2;2;0;0;1,4.333824563479736e-05
C;4;3;1;0;1-P;7;4;0;0;0,4.3131341604733207e-05
C;5;3;0;0;0-C;5;3;0;1;1,4.303320092568899e-05
fr_COO,4.2765641427981484e-05
N;3;2;1;0;0-O;2;2;0;1;1,4.264386767869294e-05
N;4;1;2;0;0-C;4;2;0;0;0,4.2365598979744654e-05
C;6;3;0;0;0-Cl;1;1;0;0;0,4.224247643564767e-05
C;4;2;1;1;1-N;3;1;1;0;0,4.195800996740476e-05
fr_Imine,4.178920060415616e-05
C;4;3;0;1;1-C;5;3;0;1;1,4.153639167102108e-05
C;4;3;0;1;1-S;2;1;0;0;0,4.147012713541262e-05
N;3;3;0;0;1-O;2;2;0;0;0,4.1057293217601394e-05
C;4;3;0;1;1-C;6;3;0;0;0,4.076861966800638e-05
N;4;1;3;0;0-N;5;3;0;0;0,4.054867280733929e-05
N;4;1;3;0;0-S;2;2;0;0;1,4.029800866683205e-05
C;4;2;1;1;1-C;5;3;0;1;1,4.006179380965739e-05
C;6;3;0;0;0-N;4;2;1;0;0,3.9742094487726576e-05
S;2;2;0;0;0-N;3;2;0;0;0,3.969049864952493e-05
S;2;2;0;0;0-C;3;3;0;1;1,3.9650950813289235e-05
C;4;3;1;0;0-N;5;3;0;0;0,3.9640974379911215e-05
C;4;3;1;0;1-N;3;3;0;1;1,3.9606436298070575e-05
C;6;3;0;0;0-N;3;2;1;1;1,3.953926170305885e-05
N;4;1;2;0;0-N;3;2;1;0;1,3.9505475272643664e-05
N;4;2;1;0;0-P;6;4;0;0;0,3.9498156594241304e-05
C;4;2;1;1;1-S;7;4;0;0;0,3.944511436166968e-05
C;5;3;0;0;0-N;4;4;0;0;0,3.943408805420439e-05
O;2;1;0;0;0-N;3;2;0;0;1,3.925031459034643e-05
C;4;2;2;0;1-F;1;1;0;0;0,3.9247155979448e-05
N;3;2;1;0;0-N;4;3;0;0;1,3.916810449526822e-05
C;5;3;0;0;0-F;1;1;0;0;0,3.916472769416167e-05
C;4;3;1;0;0-N;4;4;0;0;0,3.909080782928208e-05
C;4;1;3;0;0-Br;1;1;0;0;0,3.900624106347615e-05
N;3;1;2;0;0-O;2;2;0;1;1,3.881126448586228e-05
S;2;2;0;0;0-S;2;1;1;0;0,3.8555264104157454e-05
C;4;3;1;0;1-N;3;1;1;0;0,3.8130098626333916e-05
O;2;1;1;0;0-O;2;2;0;1;1,3.802628144102879e-05
O;2;1;1;0;0-S;7;4;0;0;0,3.798800634953036e-05
fr_morpholine,3.784686670037712e-05
C;4;2;2;0;1-C;4;2;1;0;0,3.778636728226285e-05
N;4;1;2;0;0-N;3;2;0;0;0,3.766926121584766e-05
N;3;1;2;0;0-N;4;3;1;0;0,3.747158919042204e-05
C;4;3;0;0;0-P;5;4;0;0;0,3.716201408015755e-05
O;2;1;0;0;0-P;5;4;0;0;0,3.7068844847058616e-05
C;4;1;3;0;0-P;6;4;0;0;1,3.69548946419692e-05
C;4;2;1;1;1-S;2;1;0;0;0,3.685086693713699e-05
N;4;2;1;0;0-N;5;3;0;0;0,3.6809074573370746e-05
C;6;3;0;0;0-C;4;2;1;0;1,3.679890997200023e-05
C;4;3;0;0;0-N;4;4;0;0;1,3.675397250150428e-05
N;3;2;1;0;0-I;1;1;0;0;0,3.672407967707542e-05
N;4;1;2;0;0-S;7;4;0;0;0,3.570664752205745e-05
C;4;3;1;0;0-P;6;4;0;0;1,3.5602166248283e-05
C;6;3;0;0;0-N;3;1;1;0;0,3.553314487286702e-05
C;4;3;0;0;0-S;2;2;0;0;1,3.547768480550623e-05
S;2;1;1;0;0-S;2;2;0;0;0,3.545900157935263e-05
N;3;3;0;0;1-N;4;2;1;0;0,3.53734097754265e-05
C;4;2;2;0;1-P;5;4;0;0;0,3.537097832779882e-05
N;4;2;1;0;0-S;2;2;0;0;0,3.527269624495555e-05
O;2;1;1;0;0-C;5;3;0;1;1,3.5086546436998104e-05
C;4;2;2;0;0-N;4;3;0;0;1,3.4957277248750024e-05
C;4;2;1;1;1-I;1;1;0;0;0,3.49550182752497e-05
S;2;2;0;0;0-Cl;1;1;0;0;0,3.458595221471518e-05
C;4;1;3;0;0-N;5;3;0;1;1,3.437562176939661e-05
N;3;3;0;0;1-Br;1;1;0;0;0,3.4103789759788486e-05
N;3;1;2;0;0-N;4;3;1;0;1,3.4029513813327235e-05
C;4;3;0;1;1-C;3;3;0;1;1,3.402758260043853e-05
C;5;3;0;0;0-S;2;1;0;0;0,3.371141683762933e-05
N;3;3;0;0;1-C;4;3;0;0;1,3.365011081976537e-05
N;3;2;0;1;1-N;4;2;2;0;0,3.360249118745178e-05
C;4;2;2;0;1-C;4;4;0;0;0,3.351782038942883e-05
O;2;1;1;0;0-N;3;3;0;0;0,3.310766825986037e-05
N;4;2;1;0;0-N;3;3;0;0;0,3.2767557414890416e-05
N;4;2;1;0;0-C;4;4;0;0;1,3.2696376724121245e-05
C;4;3;1;0;1-Br;1;1;0;0;0,3.2623995258259835e-05
C;4;3;1;0;1-F;1;1;0;0;0,3.2617079258932306e-05
C;6;3;0;0;0-N;4;3;0;0;0,3.256844179165244e-05
S;2;1;1;0;0-N;4;3;1;0;1,3.253222627057595e-05
N;3;1;2;0;0-C;5;3;0;1;1,3.167103269272166e-05
C;4;2;1;1;1-P;5;4;0;0;0,3.126140201484604e-05
C;4;2;1;1;1-S;3;3;0;0;0,3.12433622183964e-05
N;4;2;1;0;0-Cl;1;1;0;0;0,3.1071570786772307e-05
C;6;3;0;0;0-N;3;2;1;0;1,3.099929937247795e-05
C;4;2;2;0;1-N;3;3;0;0;1,3.068744543300903e-05
C;4;3;1;0;0-S;2;1;0;0;0,3.0314345255498437e-05
O;2;1;1;0;0-N;3;2;0;0;1,3.019894961805816e-05
N;3;1;2;0;0-P;5;4;0;0;0,3.015382812709205e-05
N;4;1;2;0;0-O;2;2;0;1;1,2.986552074018908e-05
N;3;3;0;0;1-N;3;1;2;0;0,2.9769498065227783e-05
N;3;2;0;1;1-N;3;2;1;0;1,2.9658386519863973e-05
C;4;3;0;0;0-N;3;1;1;0;0,2.916174346141433e-05
N;3;3;0;0;1-Cl;1;1;0;0;0,2.887602251347949e-05
O;2;1;1;0;0-N;5;3;0;1;1,2.8810959097645047e-05
S;2;2;0;0;0-N;3;3;0;0;1,2.837919354575145e-05
fr_nitroso,2.825942975480881e-05
S;2;1;1;0;0-P;5;4;0;0;0,2.8245476201318715e-05
O;2;1;0;0;0-N;3;1;1;0;0,2.796454095119285e-05
C;4;3;1;0;0-N;3;1;1;0;0,2.7873963442841937e-05
C;4;1;3;0;0-N;3;2;0;0;0,2.78335515326282e-05
N;4;1;2;0;0-S;2;2;0;1;1,2.772892711002356e-05
N;4;1;2;0;0-N;4;3;0;0;0,2.7597056841728993e-05
C;4;3;1;0;1-O;2;2;0;0;0,2.751794097079477e-05
C;6;3;0;0;0-S;7;4;0;0;0,2.729677265027726e-05
N;3;2;1;1;1-N;4;1;2;0;0,2.7284866556488263e-05
C;4;2;2;0;0-S;3;3;0;0;0,2.7186106800193113e-05
C;4;3;0;0;0-N;4;3;0;0;1,2.705568149463138e-05
S;2;1;1;0;0-Cl;1;1;0;0;0,2.650868273900092e-05
N;3;2;1;0;0-P;5;4;0;0;0,2.5672240564988354e-05
S;2;1;1;0;0-C;6;3;0;0;0,2.5670341339081152e-05
C;5;3;0;0;0-N;4;3;1;0;0,2.5478083593539682e-05
C;4;3;1;0;0-I;1;1;0;0;0,2.5436168369838784e-05
O;2;1;0;0;0-C;4;1;2;0;0,2.5265530066340877e-05
N;3;2;0;1;1-N;3;2;0;0;1,2.525885794049299e-05
S;2;2;0;0;0-I;1;1;0;0;0,2.5237739309538294e-05
C;4;3;1;0;1-C;4;4;0;0;1,2.518562676708093e-05
C;4;3;0;1;1-N;3;1;0;0;0,2.5152099995893387e-05
N;3;1;2;0;0-I;1;1;0;0;0,2.4909180599863774e-05
C;6;3;0;0;0-S;2;2;0;0;0,2.4827456110231884e-05
C;4;1;3;0;0-N;3;2;0;0;1,2.431135091169654e-05
C;4;3;1;0;1-P;6;4;0;0;0,2.4015607237004027e-05
C;4;3;0;0;0-Br;1;1;0;0;0,2.393414757473813e-05
C;4;3;1;0;1-S;6;4;0;0;0,2.390832606645837e-05
N;3;1;2;0;0-S;2;1;1;0;0,2.3816820603296527e-05
O;2;1;0;0;0-Br;1;1;0;0;0,2.372715585935713e-05
C;4;3;0;0;0-N;5;3;0;0;0,2.3561903558209952e-05
C;4;3;0;0;0-C;4;1;2;0;0,2.3479381681536274e-05
S;2;2;0;0;0-C;4;2;0;0;0,2.3348218884660225e-05
C;4;3;1;0;1-N;3;2;1;1;1,2.3261390616447184e-05
C;4;2;2;0;0-N;3;2;0;0;1,2.3253181520469583e-05
N;4;2;1;0;0-C;4;4;0;0;0,2.3108574049239214e-05
N;4;1;3;0;0-C;5;3;0;1;1,2.305588267879198e-05
N;4;1;3;0;0-N;4;2;2;0;1,2.2984490516884796e-05
C;4;3;0;1;1-N;5;3;0;0;0,2.2943018908180736e-05
fr_C_S,2.2819539867177326e-05
C;4;3;1;0;1-N;3;3;0;0;0,2.2780421806899917e-05
fr_thiophene,2.262162292934933e-05
N;4;2;1;0;0-N;3;3;0;0;1,2.2427401068910556e-05
S;2;2;0;0;0-N;3;2;1;0;1,2.2322958778268835e-05
S;2;2;0;0;0-C;4;4;0;0;1,2.2302633983483554e-05
N;3;2;1;1;1-N;4;2;1;0;0,2.2184919044249933e-05
C;4;1;3;0;0-S;7;4;0;0;0,2.1862572291312032e-05
N;3;2;1;1;1-S;2;2;0;0;0,2.1862013160047523e-05
N;3;2;0;1;1-P;5;4;0;0;0,2.1598760855332516e-05
S;2;2;0;0;0-C;4;1;2;0;0,2.143233341733158e-05
C;5;3;0;0;0-S;7;4;0;0;0,2.1430876505235698e-05
N;4;1;3;0;0-F;1;1;0;0;0,2.1286478787496672e-05
C;4;3;0;0;0-N;3;1;0;0;0,2.1072439243638678e-05
N;4;2;1;0;0-C;4;2;0;0;0,2.1068811992152772e-05
N;4;1;2;0;0-N;3;2;0;0;1,2.086390750078467e-05
N;4;2;1;0;0-P;6;4;0;0;1,2.024862634952496e-05
N;3;2;1;0;0-Br;1;1;0;0;0,2.0244765034131397e-05
N;3;1;2;0;0-C;6;3;0;0;0,2.0160278270986308e-05
O;2;1;0;0;0-N;4;3;0;0;1,2.0154825726719653e-05
C;4;3;0;0;0-N;5;3;0;1;1,1.9917764637403493e-05
N;3;2;1;0;0-N;3;2;0;0;1,1.9850226210048744e-05
N;4;1;2;0;0-S;2;1;1;0;0,1.9745924966480435e-05
N;3;2;0;1;1-C;6;3;0;0;0,1.9692786592061286e-05
C;4;3;1;0;0-C;4;1;2;0;0,1.9391123895677014e-05
N;3;2;0;1;1-C;4;2;1;0;0,1.925300962091538e-05
C;4;3;1;0;1-N;4;2;1;0;0,1.9233036880273646e-05
N;4;1;2;0;0-N;3;1;1;0;0,1.918241134247214e-05
S;2;1;1;0;0-N;4;2;1;0;0,1.9181993853340874e-05
N;3;2;1;0;0-N;5;3;0;0;0,1.9070228882239508e-05
N;4;2;1;0;0-N;3;2;1;0;1,1.8731439515410128e-05
C;4;2;2;0;1-S;2;2;0;0;0,1.8565226513381124e-05
N;3;1;2;0;0-C;4;4;0;0;0,1.8463796437470325e-05
O;2;1;0;0;0-S;3;3;0;0;0,1.842931420268528e-05
N;3;3;0;0;1-C;6;3;0;0;0,1.8322591427720398e-05
S;2;2;0;0;0-N;4;1;2;0;0,1.83212117187482e-05
C;4;3;0;1;1-S;3;3;0;0;0,1.8240084799089925e-05
N;3;2;0;1;1-Cl;1;1;0;0;0,1.782049292056551e-05
C;4;2;2;0;0-N;3;1;1;0;0,1.747459717976916e-05
N;3;2;0;1;1-S;2;2;0;0;1,1.735334943620436e-05
N;4;2;1;0;0-C;5;3;0;1;1,1.7278747553875877e-05
S;2;2;0;0;0-P;6;4;0;0;0,1.7256964930502965e-05
N;4;1;3;0;0-Br;1;1;0;0;0,1.7029402862569417e-05
N;4;1;3;0;0-N;4;3;0;0;1,1.7026117112851558e-05
N;3;3;0;0;1-S;2;2;0;1;1,1.683855917579132e-05
fr_hdrzine,1.6821888582573675e-05
S;2;2;0;0;0-N;4;3;0;0;0,1.6779009337924273e-05
N;3;3;0;0;1-F;1;1;0;0;0,1.673785181805899e-05
O;2;1;0;0;0-C;4;1;1;0;0,1.6542955044906266e-05
fr_nitro,1.6504224402168983e-05
EState_VSA4,1.6339947007806375e-05
C;4;1;3;0;0-N;4;4;0;0;0,1.6279886437230237e-05
C;4;2;2;0;0-S;4;3;0;0;0,1.627317515067975e-05
C;4;2;2;0;1-S;2;2;0;0;1,1.5892098794293834e-05
C;4;3;0;0;0-N;3;2;0;0;0,1.5594073144220603e-05
C;5;3;0;0;0-S;3;3;0;0;0,1.5583554454113792e-05
N;4;1;2;0;0-S;6;4;0;0;1,1.5493947996695916e-05
O;2;1;1;0;0-N;4;3;0;0;1,1.5432947373022147e-05
N;4;1;2;0;0-N;4;3;0;0;1,1.5184861849113642e-05
N;4;1;2;0;0-C;5;3;0;1;1,1.5094982930133975e-05
S;2;1;1;0;0-C;4;4;0;0;0,1.5075982479007532e-05
N;3;1;2;0;0-C;3;3;0;1;1,1.5052092431764786e-05
C;4;3;0;1;1-N;4;3;0;0;1,1.4907543238887027e-05
C;4;3;0;0;0-N;4;4;0;0;0,1.4702923181083019e-05
C;5;3;0;0;0-N;5;3;0;0;0,1.4675400476103959e-05
C;6;3;0;0;0-S;2;2;0;0;1,1.441176055470644e-05
C;4;3;1;0;0-N;4;3;0;0;0,1.4307804891462973e-05
C;4;3;1;0;1-N;4;3;1;0;1,1.4299809144956207e-05
C;4;3;1;0;1-Cl;1;1;0;0;0,1.4051601759753624e-05
C;4;3;0;1;1-N;4;3;0;0;0,1.4015735571775226e-05
C;4;3;1;0;0-N;3;2;0;0;0,1.4008251317841057e-05
N;3;1;2;0;0-S;3;3;0;0;0,1.3972071787906143e-05
N;4;1;2;0;0-N;3;3;0;0;0,1.3947566036555295e-05
C;6;3;0;0;0-C;6;3;0;0;0,1.3921504934721542e-05
C;6;3;0;0;0-Br;1;1;0;0;0,1.3737506868145965e-05
C;4;3;0;0;0-P;6;4;0;0;1,1.3583390452369904e-05
N;3;3;0;0;1-O;2;2;0;1;1,1.3510251797425947e-05
C;5;3;0;0;0-C;3;3;0;1;1,1.345988118689067e-05
C;6;3;0;0;0-N;3;3;0;0;0,1.3454025155935983e-05
fr_furan,1.3323066838248355e-05
N;3;2;0;1;1-N;4;4;0;0;0,1.3290150915117986e-05
N;3;2;1;0;0-N;5;3;0;1;1,1.325783866930316e-05
O;2;1;0;0;0-N;3;1;0;0;0,1.3142319354072747e-05
C;4;2;2;0;1-Br;1;1;0;0;0,1.3011285047488984e-05
S;2;1;1;0;0-S;6;4;0;0;0,1.2950911084959482e-05
C;6;3;0;0;0-S;6;4;0;0;0,1.267930908708912e-05
N;4;2;1;0;0-N;4;1;2;0;0,1.2676506652915201e-05
C;4;3;1;0;1-N;3;2;1;0;1,1.2672132766211472e-05
C;4;3;1;0;0-S;3;3;0;0;0,1.254169078082971e-05
O;2;1;1;0;0-N;4;3;0;0;0,1.2478242859234349e-05
O;2;1;0;0;0-S;2;1;0;0;0,1.2381389643370512e-05
C;4;3;1;0;1-C;6;3;0;0;0,1.2346688658926996e-05
C;4;3;0;0;0-I;1;1;0;0;0,1.2334827124812148e-05
N;3;2;1;1;1-N;4;4;0;0;0,1.2208800058699123e-05
N;3;2;0;1;1-Br;1;1;0;0;0,1.1967320358879457e-05
O;2;1;1;0;0-C;3;3;0;1;1,1.1874582014852759e-05
C;4;2;2;0;0-S;6;4;0;0;1,1.1763850251907904e-05
C;4;3;1;0;1-C;4;2;1;0;0,1.1742628975369147e-05
C;4;1;3;0;0-C;3;3;0;1;1,1.1660032485087142e-05
N;3;2;1;0;0-C;3;3;0;1;1,1.1443719698204824e-05
C;5;3;0;0;0-N;3;2;0;0;1,1.1306624550792419e-05
N;3;1;2;0;0-N;3;1;1;0;0,1.1193843380955062e-05
C;5;3;0;0;0-Br;1;1;0;0;0,1.0991108659994228e-05
N;3;2;1;1;1-S;2;1;0;0;0,1.0960583365377589e-05
N;3;1;2;0;0-N;3;2;0;0;0,1.0958918046061616e-05
N;4;1;3;0;0-S;2;2;0;1;1,1.0832700286749698e-05
C;4;3;1;0;1-C;4;2;1;0;1,1.0582609432675082e-05
N;3;2;1;0;0-N;4;3;0;0;0,1.0483411291761953e-05
N;4;1;3;0;0-C;4;1;2;0;0,1.0252355052920635e-05
C;4;2;1;1;1-N;4;3;0;0;0,9.998916499582703e-06
C;5;3;0;0;0-C;4;1;2;0;0,9.83333207122072e-06
fr_hdrzone,9.827090803420909e-06
N;4;1;3;0;0-I;1;1;0;0;0,9.740261374797465e-06
C;5;3;0;0;0-N;3;1;1;0;0,9.664023607079829e-06
S;2;2;0;0;0-C;5;3;0;1;1,9.43897645393691e-06
N;3;2;0;1;1-C;4;4;0;0;0,9.436594870201296e-06
O;2;1;0;0;0-N;4;4;0;0;1,9.318941179110448e-06
N;3;1;2;0;0-C;4;2;0;0;0,9.31070608616644e-06
fr_nitrile,9.283670998219059e-06
N;4;1;3;0;0-C;6;3;0;0;0,9.215984996534295e-06
C;4;2;2;0;1-S;2;1;1;0;0,9.141221755382375e-06
N;3;2;0;1;1-N;4;3;1;0;1,9.133517082175213e-06
N;3;1;2;0;0-N;3;2;0;0;1,9.097844421331828e-06
N;3;2;1;1;1-O;2;2;0;1;1,8.925224097081383e-06
O;2;1;1;0;0-Br;1;1;0;0;0,8.925009960511821e-06
N;4;1;3;0;0-N;4;2;1;0;0,8.812276959399594e-06
S;2;2;0;0;0-Br;1;1;0;0;0,8.787160111457588e-06
N;4;1;3;0;0-S;7;4;0;0;0,8.764789766189439e-06
fr_epoxide,8.688494201663498e-06
S;2;1;1;0;0-S;2;1;1;0;0,8.685615234335092e-06
C;5;3;0;0;0-P;5;4;0;0;0,8.676885407354447e-06
O;2;1;0;0;0-S;4;3;0;0;0,8.647884491987317e-06
S;2;2;0;0;0-S;2;2;0;0;1,8.543424129343114e-06
C;4;3;0;1;1-N;5;3;0;1;1,8.512595832588367e-06
N;4;2;1;0;0-Br;1;1;0;0;0,8.4494086103743e-06
N;3;2;0;1;1-N;5;3;0;0;0,8.268380429674299e-06
N;3;1;2;0;0-C;4;1;2;0;0,8.216534040488854e-06
N;3;2;1;1;1-I;1;1;0;0;0,8.201690193694305e-06
N;3;2;1;1;1-N;4;4;0;0;1,8.19414963727374e-06
S;2;1;1;0;0-F;1;1;0;0;0,8.170073046661108e-06
S;2;2;0;0;0-P;6;4;0;0;1,8.137188757882197e-06
S;2;1;1;0;0-P;6;4;0;0;1,8.104865437928541e-06
N;3;2;1;1;1-Br;1;1;0;0;0,8.099559059987113e-06
C;4;3;0;1;1-N;4;4;0;0;1,8.096187668622567e-06
O;2;1;1;0;0-S;3;3;0;0;0,8.010644134652089e-06
N;4;2;1;0;0-S;2;2;0;0;1,7.972146428899658e-06
S;2;1;1;0;0-C;4;4;0;0;1,7.968313803887915e-06
S;2;2;0;0;0-N;3;1;1;0;0,7.91871546246863e-06
N;4;1;2;0;0-I;1;1;0;0;0,7.847203697016941e-06
N;4;1;3;0;0-S;2;1;1;0;0,7.73606911330105e-06
N;3;2;0;1;1-S;7;4;0;0;0,7.56046933498466e-06
C;4;3;1;0;1-O;2;2;0;1;1,7.546794234538972e-06
fr_HOCCN,7.5302064594658336e-06
C;4;2;2;0;1-S;2;1;0;0;0,7.495996557240266e-06
C;4;2;2;0;1-N;5;3;0;0;0,7.4124803537509844e-06
C;4;2;2;0;1-N;3;3;0;0;0,7.406922164152384e-06
N;4;2;1;0;0-S;2;2;0;1;1,7.348452560364781e-06
N;3;2;1;0;0-S;3;3;0;0;0,7.333872543856883e-06
C;5;3;0;0;0-C;4;2;0;0;0,7.272513450204001e-06
N;3;3;0;0;1-S;2;2;0;0;0,7.256571573409004e-06
S;2;1;1;0;0-N;3;2;1;0;1,7.240574649386534e-06
S;2;2;0;0;0-N;5;3;0;0;0,7.167076532508275e-06
C;4;2;1;1;1-N;4;4;0;0;1,7.141464480174725e-06
N;3;2;1;0;0-N;4;4;0;0;0,6.9980244590745716e-06
N;3;2;1;0;0-N;3;1;0;0;0,6.888741165177917e-06
C;4;2;2;0;1-N;4;3;1;0;0,6.861086102069684e-06
C;4;3;0;0;0-S;3;3;0;0;0,6.795914572132001e-06
C;5;3;0;0;0-P;6;4;0;0;1,6.761011630765073e-06
S;2;2;0;0;0-N;4;2;2;0;0,6.675871478855707e-06
C;5;3;0;0;0-N;5;3;0;1;1,6.656060997141909e-06
C;6;3;0;0;0-O;2;2;0;1;1,6.525014822598522e-06
C;4;3;1;0;1-S;2;2;0;0;1,6.431735104612684e-06
C;4;1;3;0;0-N;4;3;0;0;0,6.430657507689034e-06
C;4;2;2;0;1-I;1;1;0;0;0,6.4120021829893525e-06
N;3;2;0;1;1-C;5;3;0;1;1,6.212079586156995e-06
C;4;2;2;0;0-P;6;4;0;0;1,6.063678044914843e-06
S;2;1;1;0;0-C;4;2;1;0;0,5.9881532881586676e-06
S;2;2;0;0;0-C;4;2;1;0;0,5.865810319964575e-06
N;4;1;2;0;0-Br;1;1;0;0;0,5.802743364672059e-06
S;2;1;1;0;0-S;2;2;0;0;1,5.785964409033923e-06
N;4;2;1;0;0-N;4;2;1;0;0,5.63184214153267e-06
N;3;2;0;1;1-N;4;2;1;0;0,5.550146030742727e-06
C;4;3;1;0;1-N;3;3;0;0;1,5.546265887175897e-06
N;3;2;1;1;1-C;5;3;0;1;1,5.520387836492774e-06
N;3;3;0;0;1-N;3;3;0;0;1,5.507016138490966e-06
O;2;1;0;0;0-C;3;3;0;1;1,5.500784311764779e-06
C;4;3;1;0;1-S;2;2;0;0;0,5.497735121871471e-06
C;4;3;1;0;0-C;3;3;0;1;1,5.430200953344274e-06
C;4;3;0;0;0-C;3;3;0;1;1,5.416681496993308e-06
S;2;1;1;0;0-C;4;1;2;0;0,5.317899547846618e-06
N;3;2;1;1;1-C;4;2;0;0;0,5.3176625866334785e-06
N;3;1;2;0;0-S;4;3;0;0;0,5.247076356318298e-06
N;4;1;3;0;0-N;3;2;0;0;1,5.228141854098545e-06
N;3;3;0;0;1-N;4;3;1;0;1,5.207962421101198e-06
C;4;3;0;0;0-S;2;1;0;0;0,5.177313841345089e-06
C;5;3;0;0;0-N;3;1;0;0;0,5.068478455349795e-06
N;3;3;0;0;1-N;5;3;0;0;0,5.033684802701854e-06
C;6;3;0;0;0-I;1;1;0;0;0,4.8807088473068565e-06
N;4;1;3;0;0-C;4;2;0;0;0,4.879755386305499e-06
C;4;2;2;0;0-C;3;3;0;1;1,4.770891739134014e-06
N;4;1;3;0;0-S;4;3;0;0;0,4.674519680273498e-06
N;3;2;0;1;1-C;4;2;0;0;0,4.61199388736958e-06
N;3;3;0;0;1-C;4;4;0;0;0,4.42308635983848e-06
C;6;3;0;0;0-P;6;4;0;0;1,4.370379285693055e-06
N;4;1;2;0;0-N;4;4;0;0;0,4.321299749739343e-06
N;4;1;2;0;0-S;3;3;0;0;0,4.302215046254019e-06
S;2;1;1;0;0-O;2;2;0;1;1,4.279210623543513e-06
N;3;2;1;0;0-S;6;4;0;0;1,4.256363252467833e-06
N;4;2;1;0;0-S;3;3;0;0;0,4.252701259942375e-06
C;6;3;0;0;0-N;3;2;0;0;1,4.241885512230578e-06
N;3;2;0;1;1-S;3;3;0;0;0,4.225374727093721e-06
N;3;2;1;0;0-N;4;4;0;0;1,4.2126972099029285e-06
fr_oxime,4.10279268295199e-06
N;4;2;1;0;0-O;2;2;0;1;1,4.077784934531671e-06
O;2;1;1;0;0-N;5;3;0;0;0,4.009343516697919e-06
C;5;3;0;0;0-S;4;3;0;0;0,3.998493843651621e-06
C;4;3;0;0;0-S;4;3;0;0;0,3.9458554042879745e-06
N;4;1;3;0;0-N;3;1;0;0;0,3.900306272420683e-06
O;2;1;1;0;0-S;2;1;0;0;0,3.894914338194724e-06
N;3;2;1;1;1-N;5;3;0;0;0,3.888050886867082e-06
N;3;2;0;1;1-N;3;1;0;0;0,3.835622184158661e-06
N;3;2;0;1;1-O;2;2;0;1;1,3.8132147547267425e-06
N;4;2;1;0;0-C;6;3;0;0;0,3.746237423732362e-06
C;4;1;3;0;0-N;5;2;0;0;0,3.7241442640685886e-06
C;4;2;2;0;1-C;5;3;0;1;1,3.552582578972751e-06
O;2;1;1;0;0-N;3;1;0;0;0,3.517184835191999e-06
C;4;1;3;0;0-N;4;4;0;0;1,3.3761333778195794e-06
N;4;2;1;0;0-N;4;3;1;0;1,3.3265290778468074e-06
N;3;2;1;1;1-S;7;4;0;0;0,3.299805311372668e-06
C;6;3;0;0;0-N;4;4;0;0;0,3.1593947764839822e-06
S;2;2;0;0;0-N;3;2;0;0;1,3.1139733858737357e-06
N;3;1;2;0;0-N;3;1;0;0;0,3.0983907848002927e-06
C;5;3;0;0;0-N;4;3;0;0;0,3.035357460119216e-06
S;2;2;0;0;0-N;3;1;0;0;0,3.0041646007226515e-06
C;5;3;0;0;0-I;1;1;0;0;0,2.9957125194244696e-06
N;3;3;0;0;1-P;7;4;0;0;0,2.956144076796887e-06
O;2;1;1;0;0-N;4;4;0;0;1,2.8965527782323546e-06
C;4;3;1;0;0-N;5;2;0;0;0,2.888449331941888e-06
N;3;3;0;0;1-S;2;2;0;0;1,2.858127557311849e-06
N;4;1;3;0;0-N;3;3;0;0;0,2.8197936834889893e-06
N;4;1;2;0;0-P;6;4;0;0;1,2.8180038956279015e-06
N;4;1;2;0;0-N;3;1;0;0;0,2.7543488149839493e-06
N;4;1;3;0;0-S;6;4;0;0;1,2.731521808075041e-06
S;2;1;1;0;0-C;4;2;0;0;0,2.6500230347083346e-06
N;3;3;0;0;1-N;4;2;2;0;1,2.6254576842385837e-06
C;4;2;2;0;0-N;4;4;0;0;1,2.562664082115872e-06
N;3;3;0;0;1-S;6;4;0;0;0,2.5248425855831696e-06
N;3;2;1;0;0-S;4;3;0;0;0,2.5231815899992882e-06
N;4;1;2;0;0-C;4;1;2;0;0,2.416935815616968e-06
C;4;2;2;0;0-S;2;1;0;0;0,2.3996838017878085e-06
N;3;2;1;0;0-N;5;2;0;0;0,2.2815266526181733e-06
O;2;1;0;0;0-N;4;3;0;0;0,2.231486859411369e-06
O;2;1;1;0;0-P;6;4;0;0;1,2.208422757177618e-06
N;3;1;2;0;0-S;6;4;0;0;1,2.1983946069964925e-06
S;2;2;0;0;0-C;6;3;0;0;0,2.066914588880826e-06
C;4;3;1;0;0-S;4;3;0;0;0,2.0524194567403867e-06
C;5;3;0;0;0-N;4;3;0;0;1,2.0458070164283424e-06
C;4;2;2;0;1-S;6;4;0;0;1,2.0406434057761594e-06
N;3;1;2;0;0-N;5;3;0;0;0,1.9960982411872893e-06
C;4;3;0;0;0-N;4;3;0;0;0,1.993894980259318e-06
C;4;2;2;0;1-C;4;1;2;0;0,1.9375396754350396e-06
N;3;1;2;0;0-S;2;1;0;0;0,1.8919839135751117e-06
N;3;2;1;1;1-S;3;3;0;0;0,1.7826857173183246e-06
C;6;3;0;0;0-S;2;1;0;0;0,1.7585017451627473e-06
N;3;2;0;1;1-C;4;1;2;0;0,1.7461243451826572e-06
N;3;1;2;0;0-N;4;3;0;0;1,1.7282622266579257e-06
C;4;3;1;0;1-S;2;2;0;1;1,1.718589724611228e-06
C;4;3;1;0;1-C;4;4;0;0;0,1.6706716164633627e-06
N;3;2;1;0;0-S;2;1;0;0;0,1.661070552665626e-06
C;6;3;0;0;0-N;3;1;0;0;0,1.6541182059830318e-06
S;2;1;1;0;0-N;4;2;2;0;0,1.6524959488015456e-06
S;2;2;0;0;0-N;4;4;0;0;0,1.5961316656210958e-06
N;3;1;2;0;0-N;5;2;0;0;0,1.5887538116431885e-06
N;4;2;1;0;0-N;4;3;1;0;0,1.5281670301575095e-06
fr_azo,1.5107381252440608e-06
EState_VSA7,1.509913828055355e-06
C;4;3;1;0;1-N;4;2;2;0;1,1.5028381598315901e-06
C;4;2;2;0;1-C;4;2;0;0;0,1.501179964828595e-06
C;4;3;0;0;0-N;5;2;0;0;0,1.4399625406393058e-06
C;4;2;2;0;1-N;3;1;0;0;0,1.3935821380409298e-06
C;6;3;0;0;0-N;4;3;1;0;0,1.3167464364539209e-06
C;4;2;1;1;1-C;4;1;1;0;0,1.279554143537414e-06
C;4;2;2;0;1-N;4;2;2;0;1,1.1213976961179035e-06
C;4;2;1;1;1-P;6;4;0;0;1,1.1166600149796892e-06
N;3;2;0;1;1-S;2;1;0;0;0,1.1117124605453257e-06
C;4;3;0;1;1-S;6;4;0;0;1,1.0849913122326495e-06
C;6;3;0;0;0-N;4;4;0;0;1,1.0536859908674466e-06
C;4;1;3;0;0-S;3;3;0;0;0,1.0474189207903854e-06
N;4;2;1;0;0-S;2;1;1;0;0,9.960854529461557e-07
C;6;3;0;0;0-S;6;4;0;0;1,9.816903148698047e-07
O;2;1;1;0;0-S;4;3;0;0;0,9.524424402017977e-07
N;3;3;0;0;1-S;7;4;0;0;0,9.13902869604953e-07
C;6;3;0;0;0-S;2;2;0;1;1,8.879847742491348e-07
N;3;2;1;1;1-P;5;4;0;0;0,8.851302288928429e-07
N;3;3;0;0;1-S;2;1;1;0;0,8.669357621262412e-07
C;4;2;1;1;1-S;3;3;0;0;1,8.44897461617571e-07
N;4;2;1;0;0-N;3;2;0;0;0,8.294317305668725e-07
S;2;1;1;0;0-N;4;3;0;0;1,8.237308196507184e-07
O;2;1;1;0;0-N;3;1;1;0;0,8.211218566432185e-07
N;3;2;1;1;1-N;4;3;0;0;1,6.881834758965236e-07
N;3;2;1;1;1-N;3;1;0;0;0,6.844125336002981e-07
C;5;3;0;0;0-S;6;4;0;0;1,6.841361396905296e-07
C;6;3;0;0;0-S;3;3;0;0;0,6.613179127145915e-07
C;4;3;1;0;1-I;1;1;0;0;0,6.516285252048181e-07
C;4;3;1;0;1-S;2;1;1;0;0,6.49720303652409e-07
C;4;2;2;0;0-S;3;3;0;0;1,6.465385501016396e-07
C;4;3;1;0;1-N;4;3;1;0;0,6.336972305655009e-07
S;2;1;1;0;0-C;5;3;0;1;1,6.276668675591986e-07
N;4;1;3;0;0-O;2;2;0;1;1,6.181885168540059e-07
S;2;1;1;0;0-N;5;3;0;0;0,6.018630792030436e-07
N;3;3;0;0;1-S;2;1;0;0;0,5.992639532946059e-07
N;3;2;1;1;1-N;4;3;0;0;0,5.923192963599503e-07
fr_guanido,5.771957538185046e-07
N;3;2;1;1;1-C;4;1;2;0;0,5.716262347670357e-07
C;6;3;0;0;0-C;4;1;2;0;0,5.711320252977595e-07
C;4;3;1;0;1-C;4;2;0;0;0,5.665766850434083e-07
C;6;3;0;0;0-S;2;1;1;0;0,5.239349440576194e-07
O;2;1;0;0;0-S;3;3;0;0;1,4.96320870720553e-07
N;4;2;1;0;0-S;6;4;0;0;1,4.861484582000917e-07
C;4;2;2;0;0-N;4;3;0;0;0,4.6860324762853505e-07
N;4;2;1;0;0-I;1;1;0;0;0,4.3605865094677635e-07
C;4;3;1;0;1-S;3;3;0;0;0,4.227010303108093e-07
S;2;1;1;0;0-Br;1;1;0;0;0,3.973310683134418e-07
N;3;3;0;0;1-C;4;1;2;0;0,3.9310274257492905e-07
N;3;3;0;0;1-N;4;2;2;0;0,3.856279152027253e-07
S;2;1;1;0;0-N;3;1;0;0;0,3.818493368584134e-07
N;4;2;1;0;0-N;3;2;0;0;1,3.7723596977665255e-07
C;6;3;0;0;0-C;5;3;0;1;1,3.7359906916647106e-07
C;4;3;0;1;1-S;3;3;0;0;1,3.6484402598882866e-07
N;3;3;0;0;1-C;4;4;0;0;1,3.4784664793694157e-07
C;6;3;0;0;0-S;3;3;0;0;1,3.4634978116762504e-07
C;4;3;1;0;1-N;3;2;0;0;1,3.3655197585101024e-07
N;4;1;3;0;0-N;5;3;0;1;1,3.261228105601701e-07
N;3;2;1;1;1-C;4;1;1;0;0,2.9800689398595e-07
S;2;1;1;0;0-S;3;3;0;0;0,2.966582575971527e-07
N;3;3;0;0;1-I;1;1;0;0;0,2.889086525149662e-07
N;3;2;1;1;1-C;3;3;0;1;1,2.720343259929053e-07
N;4;1;2;0;0-S;3;3;0;0;1,2.500371667303254e-07
N;4;2;1;0;0-C;4;1;2;0;0,2.410367739168696e-07
C;4;3;1;0;1-S;2;1;0;0;0,2.2316229377826147e-07
C;6;3;0;0;0-N;3;2;0;0;0,2.2159396595630964e-07
S;2;1;1;0;0-I;1;1;0;0;0,2.2124275006853337e-07
N;4;1;2;0;0-N;4;4;0;0;1,2.0311389308666985e-07
N;3;2;1;1;1-S;4;3;0;0;0,2.02264526194017e-07
C;4;2;2;0;1-N;4;3;0;0;1,1.9444075781767945e-07
N;3;2;0;1;1-N;4;3;0;0;1,1.92400126735086e-07
C;4;1;3;0;0-S;3;3;0;0;1,1.8587939109141914e-07
C;4;3;1;0;1-C;4;1;2;0;0,1.809281357074338e-07
S;2;1;1;0;0-C;3;3;0;1;1,1.698764390610078e-07
C;4;2;2;0;1-C;3;3;0;1;1,1.6783858483933508e-07
N;3;2;1;1;1-P;6;4;0;0;1,1.617385537862369e-07
S;2;1;1;0;0-S;6;4;0;0;1,1.6101572723384847e-07
C;4;2;2;0;1-N;3;1;1;0;0,1.5190102404825442e-07
C;4;3;1;0;1-N;4;2;2;0;0,1.485600429083916e-07
C;4;3;1;0;1-N;4;4;0;0;0,1.4474408096690753e-07
S;2;2;0;0;0-S;6;4;0;0;1,1.4357204021510976e-07
N;3;2;0;1;1-N;4;3;0;0;0,1.4338300304640006e-07
N;3;3;0;0;1-P;6;4;0;0;1,1.3867975388003856e-07
N;3;3;0;0;1-S;6;4;0;0;1,1.3773156519837148e-07
N;4;2;1;0;0-C;3;3;0;1;1,1.3260283481486443e-07
C;4;2;2;0;0-N;5;2;0;0;0,1.323494261699815e-07
N;3;1;2;0;0-C;4;1;1;0;0,1.301683861647785e-07
C;4;3;1;0;1-C;3;3;0;1;1,1.1763750195208455e-07
fr_term_acetylene,1.1130055261742188e-07
C;4;2;2;0;1-N;3;2;0;0;1,1.1081077137503533e-07
C;5;3;0;0;0-S;3;3;0;0;1,1.0192870534766043e-07
N;3;2;1;1;1-S;6;4;0;0;1,1.001480603781382e-07
C;4;2;2;0;1-P;6;4;0;0;1,9.55087638618154e-08
S;2;2;0;0;0-S;2;1;0;0;0,9.27956192451322e-08
N;4;1;2;0;0-N;5;2;0;0;0,8.907910471578475e-08
O;2;1;0;0;0-N;5;2;0;0;0,8.563326947383044e-08
S;2;2;0;0;0-N;4;3;0;0;1,8.54514513246638e-08
fr_dihydropyridine,8.361536626242273e-08
C;4;3;1;0;1-N;3;2;0;0;0,7.770328003249747e-08
C;6;3;0;0;0-C;3;3;0;1;1,7.56551136388393e-08
N;4;1;2;0;0-S;2;1;0;0;0,7.521687586086893e-08
C;4;2;1;1;1-S;4;3;0;0;0,7.056418437447742e-08
N;3;3;0;0;1-N;3;3;0;0;0,6.687139256081653e-08
N;4;2;1;0;0-N;3;1;1;0;0,6.593768337653606e-08
N;3;2;1;1;1-N;5;2;0;0;0,6.388963888640097e-08
C;4;3;1;0;1-N;5;3;0;0;0,6.303206227891876e-08
N;3;3;0;0;1-N;3;1;1;0;0,5.159313359890733e-08
O;2;1;1;0;0-N;5;2;0;0;0,5.066364265731351e-08
C;4;3;0;1;1-S;4;3;0;0;0,4.716043241349423e-08
C;4;3;0;1;1-P;6;4;0;0;1,4.6776809246710024e-08
N;4;1;2;0;0-C;3;3;0;1;1,4.663791533211554e-08
N;4;1;3;0;0-N;3;1;1;0;0,4.659601728756809e-08
N;3;3;0;0;1-C;5;3;0;1;1,4.6078952778079704e-08
S;2;2;0;0;0-S;3;3;0;0;1,4.3670603711197903e-08
N;4;1;3;0;0-N;4;3;1;0;0,3.294581945012163e-08
fr_lactam,3.0724813715221474e-08
N;4;1;3;0;0-N;4;3;0;0;0,2.9640779950801722e-08
C;4;1;3;0;0-C;4;1;1;0;0,2.7786562903146364e-08
N;3;3;0;0;1-S;3;3;0;0;0,2.722408033806301e-08
N;3;1;2;0;0-P;6;4;0;0;1,2.710888826985937e-08
N;4;1;3;0;0-N;4;4;0;0;1,2.4353091694982942e-08
N;3;3;0;0;1-C;4;2;0;0;0,2.4184505356949675e-08
C;4;2;2;0;1-N;3;2;0;0;0,2.166436169093275e-08
N;3;2;0;1;1-N;3;1;1;0;0,2.0901445660766193e-08
C;4;3;1;0;1-C;5;3;0;1;1,1.8169674390529992e-08
N;4;1;3;0;0-N;4;4;0;0;0,1.7231218610570327e-08
N;3;2;1;1;1-N;3;1;1;0;0,1.0079443708768865e-08
C;4;3;1;0;1-N;3;1;0;0;0,9.125591633612232e-09
C;4;1;3;0;0-S;4;3;0;0;0,7.654501426977463e-09
N;4;2;1;0;0-C;4;1;1;0;0,6.7657925075450585e-09
C;4;2;2;0;1-N;4;4;0;0;0,6.645121386579122e-09
N;3;3;0;0;1-N;3;2;0;0;0,6.609188991286615e-09
N;4;2;1;0;0-S;2;1;0;0;0,6.390145203594223e-09
N;3;3;0;0;1-C;3;3;0;1;1,6.3209636253978875e-09
N;3;3;0;0;1-N;3;1;0;0;0,4.110611097450504e-09
N;4;1;3;0;0-C;3;3;0;1;1,3.457982014442214e-09
C;4;3;1;0;0-N;4;4;0;0;1,3.4005885507740786e-09
C;5;3;0;0;0-N;4;4;0;0;1,2.4970613110389785e-09
N;3;1;2;0;0-N;5;3;0;1;1,2.1247950878233456e-09
N;3;2;0;1;1-I;1;1;0;0;0,1.1543634446794684e-09
N;3;2;0;1;1-N;5;2;0;0;0,9.950782782304436e-10
N;4;1;3;0;0-P;6;4;0;0;1,4.485494277214662e-10
N;3;3;0;0;1-N;4;3;0;0;1,3.6882469867692246e-10
C;5;3;0;0;0-C;4;1;1;0;0,3.1018846962195514e-10
C;4;2;2;0;0-C;4;1;1;0;0,2.448143034324765e-10
S;2;1;1;0;0-S;7;4;0;0;0,2.4326136355767094e-10
S;2;2;0;0;0-S;7;4;0;0;0,2.268751257702574e-10
C;4;3;1;0;0-C;4;1;1;0;0,2.238083316171736e-10
C;4;3;0;1;1-C;4;1;1;0;0,2.093188389295634e-10
N;4;1;3;0;0-S;3;3;0;0;0,1.3661155853434187e-11
S;2;1;1;0;0-N;4;4;0;0;0,6.855879207834494e-12
C;4;3;1;0;1-N;4;3;0;0;1,5.002022858696491e-12
N;4;1;2;0;0-N;5;3;0;1;1,5.711176715664844e-13
N;3;2;1;0;0-C;4;1;1;0;0,3.8417672397037765e-13
C;6;3;0;0;0-C;4;1;1;0;0,0.0
fr_thiocyan,0.0
C;4;3;1;0;1-P;5;4;0;0;0,0.0
N;4;1;2;0;0-S;4;3;0;0;0,0.0
C;4;3;1;0;1-S;6;4;0;0;1,0.0
N;4;2;1;0;0-S;3;3;0;0;1,0.0
fr_isocyan,0.0
fr_isothiocyan,0.0
C;4;3;1;0;1-S;4;3;0;0;0,0.0
C;4;3;1;0;1-S;7;4;0;0;0,0.0
N;4;2;1;0;0-S;4;3;0;0;0,0.0
fr_barbitur,0.0
N;3;2;1;1;1-N;5;3;0;1;1,0.0
C;4;3;1;0;1-P;6;4;0;0;1,0.0
C;5;3;0;0;0-N;5;2;0;0;0,0.0
C;4;3;0;0;0-S;3;3;0;0;1,0.0
C;4;3;0;1;1-N;5;2;0;0;0,0.0
C;4;3;1;0;1-S;3;3;0;0;1,0.0
N;3;3;0;0;1-N;5;3;0;1;1,0.0
N;4;1;3;0;0-C;4;1;1;0;0,0.0
S;2;1;1;0;0-N;4;4;0;0;1,0.0
S;2;1;1;0;0-N;5;3;0;1;1,0.0
N;3;3;0;0;1-N;3;2;0;0;1,0.0
S;2;1;1;0;0-S;2;1;0;0;0,0.0
N;3;3;0;0;1-C;4;1;1;0;0,0.0
S;2;1;1;0;0-S;3;3;0;0;1,0.0
S;2;1;1;0;0-S;4;3;0;0;0,0.0
C;4;3;1;0;0-S;3;3;0;0;1,0.0
C;4;2;2;0;1-S;3;3;0;0;0,0.0
C;4;2;2;0;1-S;3;3;0;0;1,0.0
S;2;2;0;0;0-C;4;1;1;0;0,0.0
C;4;2;2;0;1-S;4;3;0;0;0,0.0
N;4;1;3;0;0-S;2;1;0;0;0,0.0
C;4;3;0;0;0-C;4;1;1;0;0,0.0
N;3;2;0;1;1-C;4;1;1;0;0,0.0
O;2;1;1;0;0-C;4;1;1;0;0,0.0
S;2;1;1;0;0-N;5;2;0;0;0,0.0
N;4;1;3;0;0-S;3;3;0;0;1,0.0
N;3;2;1;1;1-S;3;3;0;0;1,0.0
S;2;1;1;0;0-N;4;3;0;0;0,0.0
C;4;2;2;0;1-N;5;2;0;0;0,0.0
C;4;2;2;0;1-N;4;4;0;0;1,0.0
N;3;2;0;1;1-S;4;3;0;0;0,0.0
N;3;2;0;1;1-S;3;3;0;0;1,0.0
C;4;2;2;0;1-N;5;3;0;1;1,0.0
N;3;2;0;1;1-P;6;4;0;0;1,0.0
O;2;1;1;0;0-S;3;3;0;0;1,0.0
C;4;2;2;0;1-N;4;3;0;0;0,0.0
S;2;1;1;0;0-C;4;1;1;0;0,0.0
N;3;2;0;1;1-N;5;3;0;1;1,0.0
N;3;2;0;1;1-N;4;4;0;0;1,0.0
S;2;1;1;0;0-N;3;1;1;0;0,0.0
C;4;3;1;0;1-C;4;1;1;0;0,0.0
S;2;1;1;0;0-N;3;2;0;0;1,0.0
S;2;1;1;0;0-N;3;3;0;0;0,0.0
N;3;2;0;1;1-C;3;3;0;1;1,0.0
N;3;3;0;0;1-N;4;3;0;0;0,0.0
N;3;1;2;0;0-S;3;3;0;0;1,0.0
N;3;3;0;0;1-N;4;3;1;0;0,0.0
C;4;3;1;0;1-N;4;3;0;0;0,0.0
C;4;3;1;0;1-N;4;4;0;0;1,0.0
C;4;3;1;0;1-N;5;2;0;0;0,0.0
C;4;3;1;0;1-N;5;3;0;1;1,0.0
N;4;2;1;0;0-N;4;4;0;0;1,0.0
N;3;3;0;0;1-S;3;3;0;0;1,0.0
N;3;3;0;0;1-S;4;3;0;0;0,0.0
C;6;3;0;0;0-S;4;3;0;0;0,0.0
C;4;2;1;1;1-N;5;2;0;0;0,0.0
N;4;2;1;0;0-N;5;2;0;0;0,0.0
N;4;2;1;0;0-N;5;3;0;1;1,0.0
C;6;3;0;0;0-N;5;3;0;1;1,0.0
N;4;1;2;0;0-C;4;1;1;0;0,0.0
C;6;3;0;0;0-N;5;2;0;0;0,0.0
C;6;3;0;0;0-N;4;3;0;0;1,0.0
N;4;2;1;0;0-N;4;4;0;0;0,0.0
N;3;2;1;0;0-S;3;3;0;0;1,0.0
N;3;1;2;0;0-N;4;3;0;0;0,0.0
S;2;2;0;0;0-P;5;4;0;0;0,0.0
N;4;1;3;0;0-N;5;2;0;0;0,0.0
N;4;2;1;0;0-N;4;3;0;0;0,0.0
S;2;2;0;0;0-N;4;4;0;0;1,0.0
S;2;2;0;0;0-N;5;2;0;0;0,0.0
S;2;2;0;0;0-N;5;3;0;1;1,0.0
N;3;3;0;0;1-N;4;4;0;0;0,0.0
N;4;2;1;0;0-N;4;3;0;0;1,0.0
C;4;2;2;0;1-C;4;1;1;0;0,0.0
N;3;3;0;0;1-N;4;4;0;0;1,0.0
S;2;2;0;0;0-S;3;3;0;0;0,0.0
S;2;2;0;0;0-S;4;3;0;0;0,0.0
N;3;1;2;0;0-N;4;4;0;0;1,0.0
N;3;3;0;0;1-N;5;2;0;0;0,0.0
N;3;2;0;1;1-S;6;4;0;0;1,0.0
N;4;1;3;0;0-P;5;4;0;0;0,0.0
